아파트명,시,구,동,도로명주소,건축년도,세대수,거래유형,매매최저가(만원),매매최고가(만원),매매건수,전세최저가(만원),전세최고가(만원),전세건수,월세최저가(만원),월세최고가(만원),월세건수,최소면적(㎡),최대면적(㎡),거리(m),위도,경도
로얄빌리지,서울,강남구,역삼동,서울 강남구 역삼동,2002,19,매매,65000.0,129000.0,3.0,,,,,,,81.7,151.85,163.6878013333,37.501494,127.03454
이지마루역삼(주상복합),서울,강남구,역삼동,서울 강남구 역삼동,2018,28,"매매,월세",43000.0,51000.0,19.0,,,,10.0,10.0,1.0,31.96,34.71,318.6534055393,37.502269,127.039118
강남역이스턴(도시형),서울,강남구,역삼동,서울 강남구 역삼동,2014,98,"매매,전세,월세",18000.0,20000.0,4.0,16000.0,16000.0,1.0,70.0,85.0,5.0,23.0,23.0,330.6142721991,37.498557,127.033503
베르사이유,서울,강남구,역삼동,서울 강남구 역삼동,2003,16,매매,185000.0,187000.0,7.0,,,,,,,127.76,127.76,340.9318894639,37.499391,127.039588
포스틸빌라트,서울,강남구,역삼동,서울 강남구 역삼동,2004,12,월세,,,,,,,160.0,209.0,2.0,65.6,65.6,385.1834521328,37.497335,127.035034
더클래스(도시형),서울,강남구,역삼동,서울 강남구 역삼동,2022,14,전세,,,,45000.0,45000.0,1.0,,,,37.33,37.33,390.4092246053,37.497197,127.036502
대명벨리온(도시형),서울,강남구,역삼동,서울 강남구 역삼동,2012,71,"매매,전세,월세",20000.0,26000.0,3.0,21000.0,27000.0,2.0,45.0,45.0,1.0,27.18,46.69,407.0196652775,37.497964,127.039165
한양럭스,서울,강남구,역삼동,서울 강남구 역삼동,2003,18,"매매,월세",45000.0,55000.0,2.0,,,,130.0,295.0,5.0,62.31,66.98,418.3133895361,37.50427,127.034583
강남역우정에쉐르(주상복합),서울,강남구,역삼동,서울 강남구 역삼동,2004,52,"매매,전세,월세",21000.0,21000.0,1.0,17600.0,18600.0,2.0,90.0,90.0,1.0,23.63,23.63,421.8205671276,37.498457,127.032249
프리우스역삼2차,서울,강남구,역삼동,서울 강남구 역삼동,2006,18,매매,125000.0,150000.0,6.0,,,,,,,96.51,96.51,431.8511345937,37.501365,127.031288
동원스위트뷰역삼,서울,강남구,역삼동,서울 강남구 역삼동,2017,28,"매매,월세",120000.0,150000.0,3.0,,,,350.0,400.0,6.0,84.46,93.16,434.1177340681,37.496877,127.037138
요진와이시티미니(도시형),서울,강남구,역삼동,서울 강남구 역삼동,2012,91,"매매,전세,월세",18000.0,18000.0,4.0,18000.0,18000.0,1.0,21.0,35.0,3.0,24.6,24.6,447.4405438488,37.497559,127.039272
뜨라네(828-76),서울,강남구,역삼동,서울 강남구 역삼동,2005,18,"매매,전세",115000.0,115000.0,1.0,54000.0,54000.0,3.0,,,,97.25,97.25,449.8728919333,37.497454,127.033053
"강남IBC(민간임대,도시형)",서울,강남구,역삼동,서울 강남구 역삼동,1987,137,월세,,,,,,,97.0,150.0,2.0,38.8,43.21,451.4757996311,37.499817,127.031116
역삼EG소울리더(도시형),서울,강남구,역삼동,서울 강남구 역삼동,2012,99,"매매,월세",18000.0,37000.0,19.0,,,,10.0,110.0,4.0,21.13,42.95,452.068289505,37.497152,127.033589
역삼골든베리힐,서울,강남구,역삼동,서울 강남구 역삼동,2004,14,전세,,,,110000.0,110000.0,1.0,,,,124.2,124.2,452.184985443,37.504756,127.035617
뜨라네(828-21),서울,강남구,역삼동,서울 강남구 역삼동,2005,15,매매,80000.0,80000.0,2.0,,,,,,,69.14,69.14,452.6076045524,37.497543,127.03286
프리우스역삼1차,서울,강남구,역삼동,서울 강남구 역삼동,2006,9,"매매,전세",145000.0,145000.0,1.0,70000.0,70000.0,1.0,,,,104.21,104.21,456.9812957361,37.501366,127.031
역삼칼라,서울,강남구,역삼동,서울 강남구 역삼동,2002,19,"매매,월세",67000.0,67000.0,3.0,,,,100.0,100.0,8.0,78.63,78.63,459.7677343688,37.504611,127.034386
역삼우성,서울,강남구,역삼동,서울 강남구 역삼동,2005,12,"매매,전세",180000.0,180000.0,1.0,73000.0,90000.0,3.0,,,,123.63,123.63,460.1888856172,37.502061,127.031184
역삼프리마빌,서울,강남구,역삼동,서울 강남구 역삼동,2003,19,"매매,월세",110000.0,170000.0,3.0,,,,200.0,200.0,1.0,103.09,211.72,473.1129778578,37.497344,127.039399
로얄팰리스,서울,강남구,역삼동,서울 강남구 역삼동,2003,15,매매,200000.0,300000.0,2.0,,,,,,,144.21,152.45,494.0430471855,37.502664,127.031086
정원,서울,강남구,역삼동,서울 강남구 역삼동,2004,19,매매,135000.0,135000.0,4.0,,,,,,,109.32,109.32,499.2440198986,37.496544,127.03394
역삼예명,서울,강남구,역삼동,서울 강남구 역삼동,2001,15,매매,83000.0,83000.0,2.0,,,,,,,82.06,82.96,518.4460285716,37.50499,127.03842
조이너스,서울,강남구,역삼동,서울 강남구 역삼동,2006,28,매매,125000.0,160000.0,3.0,,,,,,,74.34,106.43,539.398008489,37.495939,127.037325
예지인,서울,강남구,역삼동,서울 강남구 역삼동,2008,14,매매,95000.0,120000.0,4.0,,,,,,,76.36,97.33,549.2674166057,37.496391,127.033045
베스젠빌,서울,강남구,역삼동,서울 강남구 역삼동,2003,19,월세,,,,,,,500.0,500.0,2.0,135.37,135.37,549.9618342569,37.502794,127.030463
대우디오빌플러스(주상복합),서울,강남구,역삼동,서울 강남구 역삼동,2004,168,"매매,전세",31000.0,46000.0,9.0,25000.0,27000.0,7.0,,,,46.72,59.69,573.482960105,37.497456,127.031052
역삼브라운스톤,서울,강남구,역삼동,서울 강남구 역삼동,2004,48,"전세,월세",,,,65000.0,65000.0,1.0,250.0,265.0,7.0,76.67,76.67,586.9561932541,37.495601,127.037861
우리집(도시형),서울,강남구,역삼동,서울 강남구 역삼동,2016,16,매매,35000.0,35000.0,1.0,,,,,,,29.72,29.72,599.1223818443,37.4954,127.034814
스톤엘리시온역삼,서울,강남구,역삼동,서울 강남구 역삼동,2021,19,매매,43500.0,60000.0,3.0,,,,,,,26.14,39.71,671.0441343764,37.495214,127.03929
휴먼터치빌(주상복합),서울,강남구,논현동,서울 강남구 논현동,1999,160,월세,,,,,,,120.0,180.0,2.0,37.85,52.4,683.650719654,37.506607,127.033908
파크앤스위트,서울,강남구,역삼동,서울 강남구 역삼동,2003,19,월세,,,,,,,250.0,320.0,27.0,88.11,92.4,700.7919599521,37.495009,127.032667
역삼우정에쉐르1(주상복합),서울,강남구,역삼동,서울 강남구 역삼동,2004,69,"매매,전세,월세",84000.0,100000.0,12.0,56000.0,65000.0,11.0,290.0,320.0,5.0,55.3,84.03,715.1457367184,37.496376,127.030104
쌍용플래티넘밸류(주상복합),서울,강남구,역삼동,서울 강남구 역삼동,2007,166,"매매,전세,월세",162000.0,280000.0,9.0,85000.0,110000.0,8.0,30.0,790.0,19.0,106.36,146.15,761.1554847182,37.495603,127.030341
휴먼스페이스(주상복합),서울,강남구,논현동,서울 강남구 논현동,2003,18,"전세,월세",,,,32000.0,32000.0,10.0,15.0,150.0,8.0,48.95,49.49,808.262457779,37.507676000000004,127.033476
논현한화꿈에그린,서울,강남구,논현동,서울 강남구 논현동,2005,70,"매매,전세,월세",124000.0,135000.0,27.0,69000.0,69500.0,4.0,300.0,320.0,8.0,89.17,89.17,844.5455564283,37.50705,127.030837
이산,서울,강남구,논현동,서울 강남구 논현동,2011,11,"매매,전세,월세",65000.0,65000.0,2.0,40000.0,40000.0,5.0,180.0,220.0,7.0,68.5,68.5,863.4853368401,37.507194,127.030722
논현프라임(192-3),서울,강남구,논현동,서울 강남구 논현동,2004,19,전세,,,,95000.0,95000.0,1.0,,,,144.68,144.68,876.507294561,37.508157,127.032836
논현한화꿈에그린2차,서울,강남구,논현동,서울 강남구 논현동,2006,46,"매매,전세",152000.0,260000.0,3.0,100000.0,100000.0,14.0,,,,133.16,147.31,894.056385716,37.50757,127.03082
SK허브젠(주상복합),서울,서초구,서초동,서울 서초구 서초동,2005,56,"매매,전세,월세",150000.0,189000.0,4.0,84000.0,85000.0,5.0,220.0,340.0,13.0,91.72,108.4,901.0958352865,37.493698,127.030942
논현e-편한세상,서울,강남구,논현동,서울 강남구 논현동,2005,63,"매매,전세",135000.0,180000.0,6.0,80000.0,80000.0,1.0,,,,109.11,142.43,909.7073266177,37.506748,127.029156
토미빌(228-9),서울,강남구,논현동,서울 강남구 논현동,2003,24,매매,190000.0,205000.0,8.0,,,,,,,155.16,161.26,938.7574490934,37.508967,127.033855
프라임(196-4),서울,강남구,논현동,서울 강남구 논현동,2006,19,매매,190000.0,200000.0,3.0,,,,,,,135.45,135.45,942.3262768163,37.506589,127.028423
갤러리하우스,서울,강남구,도곡동,서울 강남구 도곡동,2002,17,"매매,전세",115000.0,115000.0,2.0,75000.0,75000.0,1.0,,,,93.82,93.82,952.3625721417,37.494531,127.043586
금호어울림,서울,서초구,서초동,서울 서초구 서초동,2003,183,"매매,전세,월세",190000.0,250000.0,9.0,85000.0,115000.0,2.0,175.0,180.0,3.0,103.7,155.39,953.0715269226,37.492196,127.034603
J타워(도시형),서울,서초구,서초동,서울 서초구 서초동,2019,17,월세,,,,,,,160.0,180.0,2.0,34.94,44.25,968.0873455063,37.494979,127.027836
거평프리젠,서울,강남구,논현동,서울 강남구 논현동,1996,113,"매매,전세,월세",36000.0,56000.0,13.0,23000.0,35000.0,6.0,50.0,160.0,7.0,41.83,54.05,975.3335994844,37.506376,127.027679
공간쉐르빌,서울,강남구,도곡동,서울 강남구 도곡동,2003,17,매매,58000.0,58000.0,1.0,,,,,,,50.79,50.79,976.5918676335,37.494233,127.043589
역삼카이스,서울,서초구,서초동,서울 서초구 서초동,2002,19,매매,179000.0,210000.0,5.0,,,,,,,131.51,131.51,978.8137143991,37.492012,127.034198
"논현팰리스(민간임대,도시형)",서울,강남구,논현동,서울 강남구 논현동,2019,39,전세,,,,33600.0,33750.0,3.0,,,,28.5,30.71,994.7701844212,37.507057,127.028169
서초파라곤(주상복합),서울,서초구,서초동,서울 서초구 서초동,2005,60,"매매,전세",120000.0,185000.0,11.0,109000.0,110000.0,10.0,,,,86.04,135.88,1004.4244952515,37.494894,127.027387
역삼한스빌,서울,서초구,서초동,서울 서초구 서초동,1996,216,"매매,전세,월세",35000.0,46000.0,8.0,30000.0,35000.0,12.0,20.0,40.0,2.0,45.98,57.7,1007.5704169377,37.492001,127.032841
서초나산스위트(주상복합),서울,서초구,서초동,서울 서초구 서초동,1996,24,"매매,전세",200000.0,300000.0,3.0,120000.0,120000.0,3.0,,,,169.47,198.96,1014.710233865,37.493804,127.028566
한양수자인어반게이트(도시형),서울,강남구,논현동,서울 강남구 논현동,2013,108,"매매,전세,월세",20500.0,25000.0,5.0,21000.0,21000.0,1.0,55.0,55.0,1.0,23.42,29.92,1028.8575156273,37.509749,127.033574
삼성쉐르빌II(주상복합),서울,서초구,서초동,서울 서초구 서초동,2002,365,"매매,전세,월세",28500.0,99000.0,59.0,25500.0,80000.0,14.0,20.0,120.0,9.0,50.59,101.38,1048.2961382474,37.49396,127.027795
역삼디오슈페리움(주상복합),서울,서초구,서초동,서울 서초구 서초동,2006,60,"매매,전세",110000.0,130000.0,5.0,83000.0,83000.0,1.0,,,,65.78,119.11,1051.0210954774,37.492175,127.030925
우성5차,서울,서초구,서초동,서울 서초구 서초동,1998,408,"매매,전세,월세",220000.0,500000.0,10.0,71000.0,130000.0,31.0,60.0,320.0,64.0,79.88,167.83,1065.7926012588,37.494502,127.026894
신동아,서울,강남구,논현동,서울 강남구 논현동,1996,12,"매매,전세,월세",350000.0,350000.0,1.0,200000.0,200000.0,3.0,800.0,800.0,2.0,262.2,262.2,1073.658308127,37.51024,127.034088
삼성서초가든스위트,서울,서초구,서초동,서울 서초구 서초동,2000,141,"매매,전세,월세",380000.0,750000.0,48.0,180000.0,210000.0,33.0,870.0,870.0,1.0,255.74,355.07,1115.2651015266,37.494845,127.02585
도곡아이파크1차,서울,강남구,도곡동,서울 강남구 도곡동,2007,321,"매매,전세,월세",320000.0,374000.0,46.0,120000.0,150000.0,62.0,100.0,600.0,18.0,160.67,178.59,1128.5098432655,37.492403,127.043477
서초대우디오빌프라임(주상복합),서울,서초구,서초동,서울 서초구 서초동,2005,112,"매매,전세,월세",75000.0,180000.0,29.0,84000.0,85000.0,13.0,100.0,300.0,9.0,56.35,107.6,1140.0044968233,37.4916,127.030121
역삼럭키,서울,강남구,도곡동,서울 강남구 도곡동,1995,1094,"매매,전세,월세",300000.0,330000.0,54.0,89500.0,125000.0,95.0,30.0,400.0,77.0,112.0,145.2,1176.7345108494,37.49061,127.040187
래미안서초에스티지S,서울,서초구,서초동,서울 서초구 서초동,2018,593,"매매,전세,월세",350000.0,500000.0,101.0,144000.0,220000.0,44.0,160.0,560.0,49.0,111.13,171.74,1178.0402765413,37.492859,127.027121
강남역푸르지오시티(도시형),서울,서초구,서초동,서울 서초구 서초동,2014,137,"매매,전세,월세",19500.0,28000.0,16.0,18900.0,19800.0,4.0,10.0,100.0,12.0,29.4,33.92,1181.2731644816,37.49169,127.028989
도곡루아르(도시형),서울,서초구,서초동,서울 서초구 서초동,2022,29,"매매,전세,월세",95500.0,108000.0,20.0,67000.0,68000.0,12.0,40.0,350.0,3.0,65.08,67.46,1190.3774186195,37.490061,127.034395
강남웅진베어스빌(도시형),서울,서초구,서초동,서울 서초구 서초동,2019,25,"매매,월세",38000.0,38000.0,1.0,,,,130.0,130.0,1.0,25.04,25.04,1203.5354079588,37.490169,127.032854
삼익,서울,강남구,도곡동,서울 강남구 도곡동,1983,247,"매매,전세,월세",250000.0,260000.0,26.0,85000.0,100000.0,30.0,190.0,190.0,15.0,113.73,113.73,1205.6087046368,37.491024,127.042296
현대ESA(주상복합),서울,서초구,서초동,서울 서초구 서초동,2002,122,"매매,전세,월세",155000.0,200000.0,37.0,90000.0,110000.0,10.0,200.0,480.0,17.0,131.58,215.62,1228.9335481106,37.490982,127.029439
풍림아이원플러스(주상복합),서울,서초구,서초동,서울 서초구 서초동,2004,200,"매매,월세",29800.0,37000.0,15.0,,,,120.0,120.0,2.0,37.54,48.76,1259.3150403697,37.490473,127.029932
현대아이리스,서울,서초구,서초동,서울 서초구 서초동,2004,17,"매매,전세",145000.0,190000.0,15.0,110000.0,110000.0,4.0,,,,131.04,157.81,1291.1173919524,37.489173,127.034133
대명비발디,서울,서초구,서초동,서울 서초구 서초동,2003,18,매매,117000.0,117000.0,2.0,,,,,,,100.07,100.07,1300.2476795203,37.489067,127.03436
"에피소드강남262(민간임대,도시형)",서울,서초구,서초동,서울 서초구 서초동,2021,149,월세,,,,,,,139.0,469.0,22.0,32.52,69.11,1301.2945752533,37.489687,127.031051
래미안서초에스티지,서울,서초구,서초동,서울 서초구 서초동,2016,421,"매매,전세,월세",369500.0,430000.0,57.0,134000.0,230000.0,56.0,220.0,480.0,55.0,109.34,174.17,1302.3846401842,37.492833,127.025172
래미안리더스원,서울,서초구,서초동,서울 서초구 서초동,2020,1317,"매매,전세,월세",320000.0,700000.0,76.0,125000.0,280000.0,109.0,20.0,800.0,71.0,84.03,219.59,1307.3446368755,37.490778,127.028132
두영,서울,강남구,논현동,서울 강남구 논현동,2004,17,"매매,전세",104000.0,120000.0,10.0,67000.0,67000.0,8.0,,,,97.63,97.81,1315.1088397574,37.512172,127.032377
학동참진,서울,강남구,논현동,서울 강남구 논현동,2005,18,"매매,월세",130000.0,140000.0,6.0,,,,200.0,200.0,3.0,125.41,125.41,1338.1051098715,37.51262,127.03383
논현아트빌,서울,강남구,논현동,서울 강남구 논현동,2003,11,"매매,월세",110000.0,150000.0,5.0,,,,165.0,420.0,2.0,101.76,126.42,1345.1649956699,37.512423,127.032238
논현베르빌,서울,강남구,논현동,서울 강남구 논현동,2002,65,"매매,전세",137000.0,215000.0,13.0,110000.0,115000.0,5.0,,,,130.84,155.7,1360.0613602338,37.512671,127.032812
월드쉐르빌,서울,강남구,논현동,서울 강남구 논현동,2003,15,매매,105000.0,105000.0,4.0,,,,,,,99.48,99.48,1383.5987692987,37.510284,127.026093
경남,서울,강남구,도곡동,서울 강남구 도곡동,2005,348,"매매,전세,월세",210000.0,230000.0,3.0,92000.0,120000.0,27.0,220.0,240.0,19.0,81.86,81.86,1398.8955327142,37.488679,127.040856
신동아2차,서울,서초구,서초동,서울 서초구 서초동,1979,104,매매,450000.0,530000.0,11.0,,,,,,,156.46,180.53,1417.99391993,37.492504,127.023799
기린힐스(도시형),서울,강남구,논현동,서울 강남구 논현동,2020,249,월세,,,,,,,104.0,104.0,1.0,28.13,28.13,1440.635672222,37.512999,127.030891
"선릉LG에클라트(B동,주상복합)",서울,강남구,삼성동,서울 강남구 삼성동,2004,293,"매매,전세,월세",34000.0,85000.0,53.0,55000.0,55000.0,2.0,120.0,200.0,2.0,47.44,63.71,1441.2559429167,37.506096,127.050926
신동아1차,서울,서초구,서초동,서울 서초구 서초동,1978,893,매매,370000.0,370000.0,2.0,,,,,,,108.59,108.59,1443.0227433546,37.492018,127.023953
논현월드메르디앙,서울,강남구,논현동,서울 강남구 논현동,2007,82,"매매,월세",158000.0,170000.0,6.0,,,,300.0,300.0,2.0,105.02,105.85,1443.8237954343,37.51359,127.033897
클래스원,서울,서초구,서초동,서울 서초구 서초동,2022,10,"매매,전세",99000.0,195000.0,8.0,75000.0,130000.0,4.0,,,,58.74,118.48,1444.3089694116,37.487825,127.033725
"선릉LG에클라트(A동,주상복합)",서울,강남구,삼성동,서울 강남구 삼성동,2003,125,"매매,전세,월세",33000.0,36000.0,5.0,30000.0,30000.0,1.0,50.0,170.0,2.0,45.07,45.07,1450.0749586492,37.506572,127.05075
서초에지앙,서울,서초구,서초동,서울 서초구 서초동,2006,19,전세,,,,90000.0,90000.0,3.0,,,,117.3,117.3,1486.505008754,37.494931,127.020929
N168(도시형),서울,강남구,논현동,서울 강남구 논현동,2021,132,월세,,,,,,,101.0,101.0,1.0,32.23,32.23,1489.0716440811,37.513061,127.029552
서초한일,서울,서초구,서초동,서울 서초구 서초동,1997,86,매매,165000.0,165000.0,8.0,,,,,,,108.87,108.87,1496.8362513415,37.49433,127.02118
도곡한신,서울,강남구,도곡동,서울 강남구 도곡동,1988,421,"전세,월세",,,,70000.0,90000.0,50.0,70.0,200.0,34.0,79.5,101.46,1498.5192511633,37.487685,127.040609
서초롯데캐슬프레지던트,서울,강남구,세곡동,서울 강남구 세곡동,2014,280,"매매,월세",279000.0,370000.0,40.0,,,,240.0,320.0,4.0,111.05,187.11,1506.6845724142,37.496912,127.019738
"학동역이안테라디움(민간임대,도시형)",서울,강남구,논현동,서울 강남구 논현동,2022,54,월세,,,,,,,173.0,192.0,2.0,37.5,37.92,1519.1077968924,37.513824,127.031222
삼성한양립스(주상복합),서울,강남구,삼성동,서울 강남구 삼성동,2022,28,"매매,월세",68000.0,80000.0,15.0,,,,240.0,250.0,8.0,43.5,43.5,1520.7266554103,37.506294,127.0518
서초래미안,서울,강남구,세곡동,서울 강남구 세곡동,2003,1129,"매매,전세,월세",290000.0,490000.0,66.0,109000.0,160000.0,62.0,40.0,280.0,31.0,112.73,167.09,1527.7726001662,37.498528,127.019039
그랜빌캐슬,서울,강남구,도곡동,서울 강남구 도곡동,2003,15,"매매,전세",170000.0,190000.0,5.0,100000.0,120000.0,13.0,,,,105.32,105.32,1527.9020414596,37.488801,127.044789
삼성디뷰더센트럴(도시형),서울,강남구,삼성동,서울 강남구 삼성동,2023,27,월세,,,,,,,260.0,360.0,7.0,39.99,50.07,1530.3406842956,37.506081,127.052035
대성유니드,서울,서초구,서초동,서울 서초구 서초동,2004,83,"매매,전세",195000.0,230000.0,18.0,100000.0,100000.0,8.0,,,,119.25,151.01,1539.6169048833,37.494056,127.020816
서초동아빌라트2타운(주상복합),서울,강남구,세곡동,서울 강남구 세곡동,1996,19,매매,300000.0,400000.0,7.0,,,,,,,208.29,243.14,1560.1905841099,37.495181,127.019873
서초그랑자이,서울,서초구,서초동,서울 서초구 서초동,2021,1446,"매매,전세,월세",340000.0,580000.0,65.0,120000.0,210000.0,213.0,80.0,2900.0,259.0,84.77,148.8,1565.0912023585,37.489144,127.025957
서초현대3차,서울,서초구,서초동,서울 서초구 서초동,1997,96,"매매,전세",210000.0,210000.0,2.0,85000.0,85000.0,1.0,,,,102.63,102.63,1566.4961903748,37.492799,127.021421
월드메르디앙(1634-9),서울,서초구,서초동,서울 서초구 서초동,2002,37,"매매,전세,월세",280000.0,280000.0,5.0,150000.0,150000.0,4.0,400.0,480.0,5.0,152.81,152.81,1570.113554534,37.491931,127.022167
마일스디오빌(주상복합),서울,강남구,논현동,서울 강남구 논현동,2004,260,"매매,전세,월세",37000.0,45000.0,18.0,32500.0,32500.0,1.0,75.0,145.0,17.0,47.19,47.19,1585.4669385689,37.51379,127.02892
대우양재디오빌(주상복합),서울,서초구,서초동,서울 서초구 서초동,2004,155,"매매,월세",24000.0,36000.0,17.0,,,,63.0,63.0,1.0,32.11,43.76,1591.9085706234,37.486502,127.033545
아남,서울,서초구,서초동,서울 서초구 서초동,1989,166,매매,190000.0,210000.0,4.0,,,,,,,92.08,103.18,1600.0651660068,37.493011,127.020794
서초동아빌라트1타운,서울,강남구,세곡동,서울 강남구 세곡동,1996,19,매매,300000.0,320000.0,2.0,,,,,,,242.11,242.11,1600.1911402348,37.49517,127.019388
힐데스하임,서울,강남구,도곡동,서울 강남구 도곡동,1998,19,매매,700000.0,1350000.0,5.0,,,,,,,288.9,501.28,1604.5724530368,37.488087,127.044968
현대타워(주상복합),서울,강남구,삼성동,서울 강남구 삼성동,1998,30,"매매,전세,월세",250000.0,300000.0,6.0,150000.0,150000.0,5.0,230.0,500.0,8.0,187.05,187.05,1625.9085838507,37.506249,127.053118
서초현대리츠빌,서울,서초구,서초동,서울 서초구 서초동,2002,44,매매,230000.0,250000.0,6.0,,,,,,,201.76,201.76,1626.2854291445,37.486948,127.029751
동아(도시형),서울,서초구,서초동,서울 서초구 서초동,2015,62,월세,,,,,,,68.0,68.0,1.0,47.71,47.71,1627.524134081,37.487581,127.027877
현대오티움,서울,강남구,도곡동,서울 강남구 도곡동,1998,18,매매,340000.0,400000.0,7.0,,,,,,,259.05,262.63,1627.8107803549,37.487663,127.044533
유원서초,서울,강남구,세곡동,서울 강남구 세곡동,1993,590,"매매,전세,월세",255000.0,284000.0,53.0,86500.0,95000.0,27.0,80.0,300.0,6.0,105.8,105.81,1628.9640191039,37.496155,127.018584
삼성,서울,강남구,도곡동,서울 강남구 도곡동,1994,231,"매매,전세,월세",300000.0,350000.0,5.0,58000.0,85000.0,18.0,50.0,330.0,14.0,92.03,104.15,1640.5311058588,37.488551,127.046667
샹보르,서울,서초구,서초동,서울 서초구 서초동,2002,19,"매매,월세",235000.0,240000.0,5.0,,,,330.0,333.0,3.0,208.76,208.76,1646.5309185208,37.49019,127.022959
서초두산위브(주상복합),서울,서초구,서초동,서울 서초구 서초동,2005,78,"매매,월세",110000.0,150000.0,14.0,,,,240.0,240.0,2.0,69.52,103.45,1646.6752506964,37.486133,127.032566
대치대우아이빌명문가(주상복합),서울,강남구,삼성동,서울 강남구 삼성동,2004,210,"매매,전세,월세",28000.0,52000.0,11.0,26000.0,27400.0,7.0,50.0,50.0,1.0,41.88,58.56,1649.270208101,37.505138,127.053901
서초프레스티지,서울,서초구,서초동,서울 서초구 서초동,2017,28,"매매,전세",95000.0,125000.0,7.0,80000.0,80000.0,1.0,,,,62.94,92.17,1649.6766572343,37.487489,127.027551
삼환바우스(주상복합),서울,강남구,세곡동,서울 강남구 세곡동,2006,40,"매매,전세",130000.0,143000.0,7.0,100000.0,110000.0,15.0,,,,101.17,101.17,1656.479713784,37.494949,127.018814
도곡현대힐스테이트,서울,강남구,도곡동,서울 강남구 도곡동,1996,57,"매매,전세",280000.0,350000.0,4.0,140000.0,140000.0,3.0,,,,160.05,190.97,1659.8985557262,37.487835,127.045672
서초한양수자인,서울,서초구,서초동,서울 서초구 서초동,2013,24,매매,135000.0,150000.0,8.0,,,,,,,102.81,103.08,1661.6905920692,37.487442,127.02737
서초자연인(도시형),서울,서초구,서초동,서울 서초구 서초동,2012,29,매매,28000.0,45000.0,5.0,,,,,,,30.72,52.4,1665.4127195166,37.487256,127.027735
롯데캐슬주피터,서울,서초구,서초동,서울 서초구 서초동,2003,110,"매매,전세,월세",270000.0,310000.0,4.0,130000.0,130000.0,1.0,400.0,440.0,2.0,186.25,187.99,1667.589365151,37.486377,127.030403
서초자연인,서울,서초구,서초동,서울 서초구 서초동,2013,29,매매,28000.0,47000.0,10.0,,,,,,,31.95,54.66,1672.6355780756,37.487219,127.027645
논현더라움,서울,강남구,청담동,서울 강남구 청담동,2019,16,매매,55000.0,55000.0,1.0,,,,,,,33.86,33.86,1672.9799223488,37.515216,127.041199
서초트라팰리스(주상복합),서울,서초구,서초동,서울 서초구 서초동,2005,257,"매매,전세,월세",180000.0,450000.0,50.0,87000.0,220000.0,17.0,200.0,300.0,10.0,102.74,186.06,1688.7558809146,37.486801,127.028329
두진한아름,서울,서초구,서초동,서울 서초구 서초동,1995,42,"매매,전세",130000.0,170000.0,11.0,49000.0,49000.0,4.0,,,,80.3,114.12,1689.6783017453,37.48967,127.02293
필로스,서울,강남구,도곡동,서울 강남구 도곡동,2004,8,매매,120000.0,132000.0,4.0,,,,,,,115.57,115.57,1689.915081307,37.48694,127.044282
서초삼성래미안,서울,강남구,세곡동,서울 강남구 세곡동,2001,299,"매매,전세",250000.0,280000.0,20.0,95000.0,95000.0,1.0,,,,108.16,191.27,1690.8904417484,37.493179,127.019471
테헤란로대우아이빌(주상복합),서울,강남구,삼성동,서울 강남구 삼성동,2004,371,"매매,전세,월세",34000.0,130000.0,17.0,31500.0,65000.0,17.0,88.0,200.0,4.0,38.72,79.83,1694.4106619659,37.505663,127.054222
한라비발디스튜디오193(도시형),서울,서초구,서초동,서울 서초구 서초동,2013,149,매매,24800.0,49000.0,19.0,,,,,,,32.02,57.7,1695.4973097997,37.485768,127.032051
매봉,서울,강남구,도곡동,서울 강남구 도곡동,1999,132,매매,180000.0,200000.0,25.0,,,,,,,100.61,100.61,1696.030158634,37.489193,127.04872
롯데캐슬SPA,서울,서초구,서초동,서울 서초구 서초동,2003,58,전세,,,,170000.0,170000.0,8.0,,,,220.45,220.45,1697.7266723898,37.49088,127.02138
"서초노블레스(1362-10,주상복합)",서울,서초구,서초동,서울 서초구 서초동,2019,50,매매,49000.0,57000.0,11.0,,,,,,,39.34,42.75,1705.5706611093,37.485599,127.032525
서초교대e편한세상,서울,강남구,세곡동,서울 강남구 세곡동,2010,435,"매매,전세,월세",270000.0,680000.0,69.0,110000.0,200000.0,33.0,80.0,400.0,32.0,81.47,224.42,1707.6520472154,37.496937,127.017375
브라운스톤서초(주상복합),서울,강남구,세곡동,서울 강남구 세곡동,2006,42,"매매,전세",150000.0,165000.0,18.0,90000.0,90000.0,3.0,,,,107.86,113.43,1707.9454353848,37.494755,127.018285
수광빌라트,서울,강남구,세곡동,서울 강남구 세곡동,1996,12,매매,230000.0,230000.0,8.0,,,,,,,228.36,228.36,1714.8469763197,37.493636,127.018853
양재SK허브프리모(주상복합),서울,서초구,서초동,서울 서초구 서초동,2006,176,"매매,전세,월세",40000.0,110000.0,8.0,74500.0,75000.0,5.0,240.0,300.0,5.0,47.19,94.33,1715.3576785201,37.485301,127.034443
울트라멤버스,서울,강남구,도곡동,서울 강남구 도곡동,2003,19,"매매,전세",220000.0,220000.0,1.0,140000.0,140000.0,13.0,,,,153.31,153.31,1719.5985503602,37.487689,127.046658
도곡지웰카운티,서울,강남구,도곡동,서울 강남구 도곡동,2010,37,매매,230000.0,260000.0,7.0,,,,,,,125.8,125.8,1722.5475671957,37.486376,127.043599
브라운스톤레전드(주상복합),서울,강남구,청담동,서울 강남구 청담동,2009,54,매매,600000.0,700000.0,6.0,,,,,,,257.94,257.94,1726.2000979666,37.515451,127.042289
벨라빌,서울,강남구,도곡동,서울 강남구 도곡동,2000,14,매매,250000.0,250000.0,8.0,,,,,,,243.53,265.33,1726.353266572,37.486672,127.044534
리치아르떼빌,서울,강남구,도곡동,서울 강남구 도곡동,2003,11,매매,280000.0,280000.0,7.0,,,,,,,199.17,199.17,1728.6764317573,37.486451,127.043994
메트로,서울,강남구,대치동,서울 강남구 대치동,2002,11,매매,107000.0,110000.0,2.0,,,,,,,91.84,91.84,1731.2780491684,37.502997,127.055466
브라이튼N40,서울,강남구,논현동,서울 강남구 논현동,2022,148,"매매,전세,월세",379600.0,1100000.0,40.0,210000.0,300000.0,19.0,150.0,2000.0,19.0,102.1,209.59,1733.9685658823,37.514362,127.026587
서초블리스,서울,서초구,서초동,서울 서초구 서초동,2020,23,매매,79000.0,79000.0,11.0,,,,,,,49.57,49.57,1733.9707450715,37.485856,127.029985
비쥬힐,서울,강남구,논현동,서울 강남구 논현동,2003,10,"매매,전세,월세",106000.0,135000.0,2.0,75000.0,90000.0,2.0,100.0,310.0,4.0,87.53,117.65,1748.4659134711,37.514834,127.027366
"동민맥스빌(A동,주상복합)",서울,강남구,대치동,서울 강남구 대치동,2004,30,"매매,전세,월세",180000.0,180000.0,5.0,90000.0,90000.0,1.0,120.0,120.0,1.0,109.18,109.26,1752.524908121,37.497826,127.055588
경남아너스빌(1608-28),서울,서초구,서초동,서울 서초구 서초동,2006,32,"매매,전세",230000.0,250000.0,5.0,110000.0,110000.0,10.0,,,,132.54,141.7,1753.8539422505,37.488741,127.023136
포스코트,서울,강남구,도곡동,서울 강남구 도곡동,2002,64,매매,415000.0,470000.0,10.0,,,,,,,247.26,256.17,1754.4688087858,37.48783,127.04762
삼성이안파크,서울,강남구,삼성동,서울 강남구 삼성동,2004,19,매매,220000.0,230000.0,6.0,,,,,,,102.03,122.32,1765.7988791034,37.508594,127.053439
삼환SOGOOD(주상복합),서울,강남구,대치동,서울 강남구 대치동,2006,37,전세,,,,100000.0,100000.0,3.0,,,,107.38,107.38,1766.3765870065,37.497556,127.055682
이안애2차,서울,강남구,삼성동,서울 강남구 삼성동,2004,19,"매매,월세",85000.0,169000.0,5.0,,,,190.0,190.0,1.0,72.06,133.37,1767.1809276038,37.508119,127.053784
서초극동스타클래스2,서울,서초구,서초동,서울 서초구 서초동,2006,60,"매매,전세,월세",160000.0,165000.0,20.0,78000.0,90000.0,5.0,80.0,120.0,2.0,101.2,105.31,1775.1130330749,37.488675,127.022865
동민맥스빌(B동),서울,강남구,대치동,서울 강남구 대치동,2004,18,전세,,,,70000.0,70000.0,1.0,,,,75.44,75.44,1775.5969396579,37.497945,127.05588
삼성웰피아,서울,강남구,삼성동,서울 강남구 삼성동,2005,19,"전세,월세",,,,93000.0,93000.0,1.0,450.0,450.0,1.0,104.91,104.91,1775.6828089196,37.50847,127.053655
스톤빌리지(도시형),서울,강남구,대치동,서울 강남구 대치동,2016,28,"매매,전세",65000.0,65000.0,1.0,45000.0,60000.0,8.0,,,,35.36,35.36,1779.1162714053,37.498747,127.05607
논현아테나니케,서울,강남구,신사동,서울 강남구 신사동,2004,12,"전세,월세",,,,124000.0,124000.0,1.0,300.0,300.0,8.0,127.92,127.92,1782.0641775212,37.515026,127.026998
청원,서울,강남구,대치동,서울 강남구 대치동,2005,19,"전세,월세",,,,110000.0,110000.0,2.0,200.0,200.0,4.0,114.72,114.72,1782.3881630541,37.498433,127.056055
삼풍,서울,강남구,세곡동,서울 강남구 세곡동,1988,2390,"매매,전세,월세",369000.0,650000.0,63.0,84500.0,150000.0,148.0,60.0,700.0,92.0,105.63,189.05,1782.4466791648,37.499179,127.016033
서초지에스타워(주상복합),서울,강남구,세곡동,서울 강남구 세곡동,2022,54,"매매,월세",22000.0,45000.0,5.0,,,,20.0,20.0,5.0,14.8,30.69,1784.8724370838,37.493965,127.017771
서초대우아이빌(주상복합),서울,강남구,세곡동,서울 강남구 세곡동,2003,215,매매,31500.0,75000.0,7.0,,,,,,,43.47,79.78,1785.7586164906,37.494245,127.017602
서초현대,서울,강남구,세곡동,서울 강남구 세곡동,1999,299,"매매,전세",142000.0,255000.0,14.0,65000.0,110000.0,25.0,,,,75.02,144.29,1786.9965480862,37.491021,127.019951
프라임(80-13),서울,서초구,잠원동,서울 서초구 잠원동,2004,28,"매매,전세,월세",120000.0,155000.0,4.0,80000.0,85000.0,2.0,320.0,450.0,5.0,93.51,124.68,1790.5077275362,37.51623,127.030617
프레스티지(도시형),서울,강남구,삼성동,서울 강남구 삼성동,2017,16,"매매,월세",73000.0,73000.0,3.0,,,,230.0,250.0,4.0,39.51,39.51,1791.5480392913,37.512389,127.050074
삼성우정에쉐르II(주상복합),서울,강남구,삼성동,서울 강남구 삼성동,2004,60,"매매,전세",95000.0,100000.0,3.0,70000.0,70000.0,1.0,,,,71.57,71.7,1795.1823351793,37.507055,127.05477
영무예다음,서울,강남구,삼성동,서울 강남구 삼성동,2006,45,"매매,전세,월세",200000.0,200000.0,8.0,95000.0,95000.0,4.0,80.0,80.0,2.0,135.18,135.18,1796.6825971441,37.51043,127.05234
강남파라곤(주상복합),서울,강남구,청담동,서울 강남구 청담동,2007,58,"매매,전세",165000.0,290000.0,33.0,95000.0,97000.0,6.0,,,,100.88,143.68,1801.9547110208,37.516614,127.040137
서초롯데캐슬84,서울,강남구,세곡동,서울 강남구 세곡동,2001,84,매매,350000.0,500000.0,26.0,,,,,,,249.8,249.8,1803.2527945538,37.49273,127.01833
서초예성그린,서울,강남구,세곡동,서울 강남구 세곡동,2003,36,"매매,월세",105000.0,135000.0,16.0,,,,90.0,90.0,1.0,67.16,119.43,1803.5941131944,37.493481,127.017827
미소시티,서울,강남구,대치동,서울 강남구 대치동,2006,18,매매,280000.0,280000.0,2.0,,,,,,,200.9,200.9,1807.3866375221,37.502617,127.056398
삼성빌라트,서울,서초구,잠원동,서울 서초구 잠원동,1998,19,매매,140000.0,150000.0,2.0,,,,,,,132.14,144.59,1807.6434810123,37.516543,127.031359
서초풍림아이원,서울,서초구,서초동,서울 서초구 서초동,2004,36,"매매,전세,월세",160000.0,230000.0,5.0,82000.0,88000.0,19.0,100.0,180.0,11.0,135.85,138.12,1808.7834135724,37.487807,127.023589
풍림,서울,강남구,삼성동,서울 강남구 삼성동,1997,36,월세,,,,,,,160.0,175.0,5.0,76.32,76.32,1811.3786318818,37.508061,127.054384
래미안삼성2차,서울,강남구,청담동,서울 강남구 청담동,2007,275,"매매,전세,월세",334000.0,650000.0,39.0,129500.0,140000.0,21.0,60.0,720.0,8.0,136.24,226.39,1812.6026512472,37.515991,127.043301
삼성대성유니드,서울,강남구,삼성동,서울 강남구 삼성동,2004,59,"매매,월세",169000.0,180000.0,7.0,,,,350.0,350.0,1.0,103.57,103.57,1813.5960340475,37.50865,127.05402
서초프라임헤센,서울,서초구,서초동,서울 서초구 서초동,2021,55,"매매,전세",159000.0,159000.0,3.0,89000.0,90000.0,2.0,,,,91.03,91.03,1817.5376866058,37.489678,127.020899
삼성파크,서울,강남구,삼성동,서울 강남구 삼성동,2001,114,"매매,전세,월세",220000.0,235000.0,7.0,110000.0,117000.0,6.0,300.0,430.0,4.0,139.75,139.75,1828.6429291386,37.509201,127.053816
끄레메빌,서울,서초구,서초동,서울 서초구 서초동,1999,14,"매매,전세,월세",250000.0,260000.0,26.0,150000.0,160000.0,14.0,200.0,200.0,8.0,286.0,286.0,1831.8440647961,37.489829,127.020513
스톤빌리지대치2차(도시형),서울,강남구,대치동,서울 강남구 대치동,2018,25,매매,130000.0,130000.0,3.0,,,,,,,69.77,69.77,1833.6822150385,37.498846,127.056706
롯데캐슬프레미어,서울,강남구,청담동,서울 강남구 청담동,2007,713,"매매,전세,월세",317000.0,600000.0,90.0,119000.0,300000.0,40.0,160.0,600.0,9.0,106.93,239.42,1833.8309937672,37.515662,127.0449
서초래미안7차,서울,강남구,세곡동,서울 강남구 세곡동,2006,79,"매매,월세",260000.0,260000.0,1.0,,,,180.0,180.0,1.0,173.19,173.19,1834.0399946941,37.492224,127.018296
서초극동스타클래스 I,서울,서초구,서초동,서울 서초구 서초동,2003,90,매매,170000.0,230000.0,28.0,,,,,,,102.8,150.31,1846.835829494,37.487828,127.022865
개포럭키,서울,강남구,도곡동,서울 강남구 도곡동,1986,128,매매,330000.0,335000.0,2.0,,,,,,,102.41,102.41,1847.6496092707,37.486173,127.046304
삼성펠리스(129-5),서울,강남구,삼성동,서울 강남구 삼성동,2005,18,매매,280000.0,285000.0,5.0,,,,,,,187.6,187.6,1848.6717533645,37.508691999999996,127.054444
현대빌라트,서울,강남구,삼성동,서울 강남구 삼성동,2004,14,매매,250000.0,250000.0,1.0,,,,,,,144.09,144.09,1854.2459485163,37.511985,127.051564
상지리츠빌2차,서울,서초구,서초동,서울 서초구 서초동,2004,36,"매매,전세,월세",230000.0,290000.0,18.0,144500.0,150000.0,16.0,80.0,150.0,7.0,183.09,237.74,1868.0597694236,37.488021,127.022207
삼성신도브래뉴(주상복합),서울,강남구,삼성동,서울 강남구 삼성동,2010,21,"매매,월세",140000.0,200000.0,13.0,,,,340.0,420.0,11.0,131.42,155.01,1868.6788479501,37.510378,127.053394
한티,서울,강남구,대치동,서울 강남구 대치동,2004,22,"매매,전세,월세",190000.0,200000.0,6.0,100000.0,120000.0,20.0,50.0,120.0,5.0,127.58,127.58,1876.1298363475,37.499028,127.057213
서초벽산블루밍,서울,서초구,서초동,서울 서초구 서초동,2006,60,"매매,전세",190000.0,190000.0,6.0,85000.0,126000.0,6.0,,,,105.25,105.25,1883.7387550607,37.48587,127.02574
롯데캐슬,서울,강남구,삼성동,서울 강남구 삼성동,2002,142,"매매,월세",249000.0,370000.0,17.0,,,,230.0,400.0,4.0,110.72,176.16,1886.7642857206,37.505115,127.056706
삼성오네뜨,서울,강남구,삼성동,서울 강남구 삼성동,2004,48,"매매,전세",260000.0,300000.0,6.0,149000.0,150000.0,6.0,,,,168.72,168.72,1898.0716875882,37.509522,127.05449
서초힐하우스,서울,서초구,서초동,서울 서초구 서초동,2002,15,매매,125000.0,125000.0,1.0,,,,,,,133.4,133.4,1899.4348732767,37.488899,127.020544
서초녹원,서울,강남구,세곡동,서울 강남구 세곡동,1997,35,매매,165000.0,200000.0,14.0,,,,,,,104.6,148.2,1899.7768142944,37.492503,127.01724
채널리저브(주상복합),서울,강남구,삼성동,서울 강남구 삼성동,2007,78,"매매,전세,월세",169500.0,195000.0,11.0,90000.0,90000.0,6.0,340.0,700.0,9.0,103.86,103.9,1900.0937135603,37.507998,127.055539
동원베네스트,서울,서초구,서초동,서울 서초구 서초동,2002,126,"전세,월세",,,,90000.0,110000.0,7.0,150.0,180.0,8.0,105.53,142.48,1904.7086486754,37.485282,127.026641
개포한신,서울,강남구,도곡동,서울 강남구 도곡동,1985,620,"매매,전세,월세",290000.0,360000.0,7.0,40000.0,50000.0,12.0,100.0,100.0,2.0,73.66,103.93,1905.2155368354,37.486895,127.048905
서광,서울,강남구,청담동,서울 강남구 청담동,1998,304,"매매,전세,월세",260000.0,260000.0,1.0,93500.0,105000.0,22.0,140.0,390.0,57.0,104.43,104.43,1905.4782109261,37.517041,127.04271
쌍용플래티넘(주상복합),서울,강남구,삼성동,서울 강남구 삼성동,2003,88,"매매,전세,월세",300000.0,300000.0,1.0,184500.0,200000.0,10.0,300.0,600.0,18.0,183.04,183.04,1909.6121155112,37.512403,127.051932
개포우성5차,서울,강남구,도곡동,서울 강남구 도곡동,1986,180,매매,245000.0,260000.0,5.0,,,,,,,98.96,98.96,1911.6330170247,37.486029,127.047425
포스코더샵,서울,강남구,대치동,서울 강남구 대치동,2004,276,"매매,전세",399000.0,500000.0,19.0,190000.0,230000.0,9.0,,,,168.38,208.98,1912.8144204237,37.504102,127.057307
아크로빌,서울,강남구,대치동,서울 강남구 대치동,2005,14,매매,110000.0,110000.0,6.0,,,,,,,68.71,68.71,1916.3784822478,37.497173,127.057315
서초드림하이츠,서울,서초구,서초동,서울 서초구 서초동,2003,10,매매,127000.0,163000.0,9.0,,,,,,,112.16,132.82,1918.5392387951,37.487598,127.021948
삼성중앙하이츠빌리지,서울,강남구,청담동,서울 강남구 청담동,2004,298,"매매,전세,월세",265000.0,445000.0,25.0,120000.0,200000.0,10.0,450.0,600.0,6.0,83.93,192.66,1927.6607401759,37.516113,127.04615
대치삼성2차,서울,강남구,대치동,서울 강남구 대치동,1999,19,매매,370000.0,400000.0,6.0,,,,,,,188.75,188.75,1945.1595004084,37.497046,127.057614
현대,서울,강남구,청담동,서울 강남구 청담동,1999,198,"매매,전세,월세",129000.0,330000.0,9.0,47000.0,80000.0,16.0,230.0,230.0,4.0,45.92,144.33,1946.2716682921,37.516841,127.044704
현대빌리지,서울,강남구,세곡동,서울 강남구 세곡동,2005,13,매매,190000.0,240000.0,9.0,,,,,,,153.08,156.66,1962.1166666674,37.491547,127.017117
우정에쉐르,서울,강남구,청담동,서울 강남구 청담동,2003,40,전세,,,,115000.0,115000.0,2.0,,,,151.46,151.46,1966.8983364812,37.51718,127.044281
스카이써밋,서울,강남구,대치동,서울 강남구 대치동,2004,10,매매,165000.0,165000.0,13.0,,,,,,,131.56,131.56,1968.1281617497,37.501137,127.058351
칼리아빌,서울,서초구,서초동,서울 서초구 서초동,2007,10,매매,130000.0,160000.0,36.0,,,,,,,116.84,126.11,1972.6625900267,37.487624,127.020991
현대,서울,서초구,서초동,서울 서초구 서초동,1989,413,"매매,전세,월세",240000.0,250000.0,5.0,60000.0,75000.0,8.0,50.0,200.0,4.0,103.45,109.44,1979.8761617851,37.485942,127.023523
세연파크뷰,서울,강남구,대치동,서울 강남구 대치동,2002,19,매매,175000.0,210000.0,6.0,,,,,,,81.31,94.53,1986.6188722491,37.500147,127.058556
삼성월드타워,서울,강남구,청담동,서울 강남구 청담동,1997,46,"매매,전세,월세",132000.0,205000.0,5.0,75000.0,100000.0,7.0,290.0,370.0,7.0,66.98,96.55,1988.582437115,37.517457,127.044062
서초리시온(주상복합),서울,강남구,세곡동,서울 강남구 세곡동,2003,293,"매매,전세,월세",45000.0,65000.0,43.0,42500.0,48000.0,12.0,40.0,250.0,7.0,41.85,63.82,1989.3717170547,37.49346,127.01552
삼성씨엘케이,서울,강남구,청담동,서울 강남구 청담동,2002,12,매매,239000.0,239000.0,2.0,,,,,,,99.47,99.47,2006.9673700873,37.517541,127.044367
청담삼성3차,서울,강남구,청담동,서울 강남구 청담동,1999,217,"매매,전세,월세",250000.0,580000.0,25.0,90000.0,140000.0,25.0,120.0,240.0,4.0,107.6,163.55,2016.9825431574,37.518121,127.042595
삼성그랑빌,서울,강남구,삼성동,서울 강남구 삼성동,2005,14,매매,220000.0,220000.0,2.0,,,,,,,113.75,113.75,2017.1612040441,37.510858999999996,127.055017
대치하나빌,서울,강남구,대치동,서울 강남구 대치동,2003,12,"매매,전세",275000.0,285000.0,9.0,158000.0,230000.0,20.0,,,,190.7,222.2,2020.6704088055,37.497029,127.058482
삼성힐스테이트2단지,서울,강남구,삼성동,서울 강남구 삼성동,2008,926,"매매,전세,월세",160000.0,400000.0,22.0,70000.0,140000.0,75.0,160.0,690.0,177.0,51.81,109.54,2022.2781993936,37.514112,127.051582
골든카운티,서울,강남구,청담동,서울 강남구 청담동,2019,19,"전세,월세",,,,99000.0,130000.0,12.0,80.0,600.0,3.0,99.21,190.65,2026.1165709273,37.516989,127.046446
석탑,서울,강남구,청담동,서울 강남구 청담동,1996,139,"전세,월세",,,,71000.0,73000.0,10.0,260.0,260.0,2.0,80.92,81.43,2026.9354439892,37.517572,127.044875
청담우방,서울,강남구,청담동,서울 강남구 청담동,1999,100,"매매,전세,월세",199500.0,217000.0,9.0,89000.0,120000.0,23.0,120.0,300.0,6.0,83.51,83.51,2048.1485363347,37.518025,127.044078
서초아이파크,서울,서초구,서초동,서울 서초구 서초동,2003,115,"매매,전세",320000.0,320000.0,8.0,170000.0,200000.0,26.0,,,,192.85,204.47,2050.5082276376,37.485451,127.023009
아크로비스타(주상복합),서울,강남구,세곡동,서울 강남구 세곡동,2004,757,"매매,전세,월세",340000.0,1000000.0,77.0,190000.0,350000.0,38.0,160.0,730.0,35.0,188.09,305.47,2052.008623553,37.498694,127.013031
한솔,서울,강남구,청담동,서울 강남구 청담동,1998,263,"매매,전세,월세",185000.0,230000.0,4.0,69500.0,130000.0,13.0,60.0,420.0,33.0,79.05,114.73,2059.3296407746,37.517557,127.045833
개포우성4차,서울,강남구,도곡동,서울 강남구 도곡동,1985,459,"전세,월세",,,,75000.0,120000.0,6.0,135.0,500.0,20.0,113.23,151.05,2065.0855211039,37.48545,127.049479
대치삼성1차,서울,강남구,대치동,서울 강남구 대치동,2000,960,"매매,전세,월세",284000.0,420000.0,50.0,88000.0,190000.0,256.0,80.0,440.0,189.0,85.68,139.27,2087.4311934406,37.496538,127.059121
한양팰리스,서울,강남구,대치동,서울 강남구 대치동,2004,14,매매,183000.0,185000.0,13.0,,,,,,,111.2,111.2,2098.2233110838,37.499211,127.059755
푸른솔,서울,강남구,청담동,서울 강남구 청담동,1996,61,"매매,전세,월세",146500.0,146500.0,2.0,95000.0,100000.0,2.0,220.0,280.0,3.0,82.24,82.24,2098.2339703342,37.517843,127.046105
현대(43-1),서울,강남구,청담동,서울 강남구 청담동,1992,19,"매매,전세",265000.0,265000.0,4.0,120000.0,125000.0,4.0,,,,166.51,166.51,2103.3708105689,37.518399,127.044605
삼성힐스테이트1단지,서울,강남구,청담동,서울 강남구 청담동,2008,1144,"매매,전세,월세",120000.0,455000.0,83.0,44500.0,200000.0,155.0,40.0,650.0,127.0,41.4,143.04,2104.598514471,37.516721,127.048834
청담스테이,서울,강남구,청담동,서울 강남구 청담동,2018,16,"매매,전세,월세",60000.0,66000.0,7.0,46000.0,47250.0,3.0,170.0,250.0,4.0,30.54,32.55,2123.8148584537,37.519189,127.042292
대치주성,서울,강남구,대치동,서울 강남구 대치동,2004,14,매매,160000.0,180000.0,7.0,,,,,,,73.97,92.4,2125.3748656117,37.50161,127.060109
반포자이,서울,서초구,반포동,서울 서초구 반포동,2009,3410,"매매,전세,월세",354000.0,950000.0,293.0,100000.0,450000.0,337.0,60.0,1500.0,376.0,84.23,301.38,2128.8916057582,37.507538,127.013605
대치삼성3차,서울,강남구,대치동,서울 강남구 대치동,2000,35,"매매,전세",370000.0,400000.0,25.0,150000.0,170000.0,11.0,,,,169.79,181.1,2129.7400030437,37.497535,127.059855
서초로얄,서울,강남구,세곡동,서울 강남구 세곡동,2001,40,"매매,전세",110000.0,190000.0,8.0,120000.0,120000.0,7.0,,,,75.77,143.66,2137.8193050267,37.48864,127.01725
대치푸르지오써밋,서울,강남구,대치동,서울 강남구 대치동,2023,489,"매매,전세,월세",300000.0,520000.0,34.0,109000.0,300000.0,142.0,10.0,680.0,202.0,77.65,148.99,2147.4708023557,37.502438,127.060288
삼성팰리스(71-16),서울,강남구,삼성동,서울 강남구 삼성동,2006,19,월세,,,,,,,465.0,470.0,5.0,136.56,136.56,2152.8927596212,37.514396,127.053343
청담e-편한세상3차,서울,강남구,청담동,서울 강남구 청담동,2007,49,"매매,전세,월세",228000.0,235000.0,58.0,110000.0,110000.0,7.0,260.0,260.0,6.0,89.48,89.48,2155.6620795978,37.518596,127.045575
삼성포스코더샵(주상복합),서울,강남구,삼성동,서울 강남구 삼성동,2003,72,"매매,전세,월세",310000.0,590000.0,24.0,184000.0,195000.0,6.0,690.0,1300.0,4.0,176.54,228.05,2159.0805021917,37.513084,127.054932
서초롯데캐슬메디치(주상복합),서울,강남구,세곡동,서울 강남구 세곡동,2010,50,"매매,전세,월세",219500.0,220000.0,5.0,115000.0,115000.0,1.0,140.0,140.0,1.0,164.4,164.55,2176.5161558392,37.491578,127.014312
삼성우림루미아트,서울,강남구,삼성동,서울 강남구 삼성동,2005,40,"매매,전세",195000.0,300000.0,6.0,140000.0,140000.0,4.0,,,,117.5,147.72,2180.3630772749,37.513927,127.054333
청담영풍마드레빌,서울,강남구,청담동,서울 강남구 청담동,2003,49,매매,230000.0,270000.0,9.0,,,,,,,103.93,147.24,2183.8136103114,37.519156,127.044663
루시아도산208(도시형),서울,강남구,신사동,서울 강남구 신사동,2023,55,"매매,전세,월세",110000.0,160000.0,17.0,62000.0,70000.0,22.0,50.0,500.0,38.0,57.63,60.66,2184.5074263522,37.519658,127.029458
새서울,서울,강남구,세곡동,서울 강남구 세곡동,1994,12,매매,188000.0,188000.0,4.0,,,,,,,148.19,148.19,2188.3352389664,37.499816,127.011377
한신오페라하우스2차,서울,강남구,청담동,서울 강남구 청담동,2005,42,"매매,전세,월세",280000.0,350000.0,4.0,139000.0,140000.0,9.0,280.0,280.0,4.0,140.91,177.62,2198.4572701892,37.518993,127.045638
대치SK뷰,서울,강남구,대치동,서울 강남구 대치동,2017,239,"매매,전세,월세",430000.0,600000.0,18.0,149000.0,260000.0,98.0,40.0,750.0,79.0,110.89,145.94,2205.3636583845,37.495967,127.060322
대치현대,서울,강남구,대치동,서울 강남구 대치동,1999,630,"매매,전세,월세",260000.0,380000.0,15.0,60000.0,155000.0,59.0,40.0,320.0,33.0,88.68,143.66,2207.9012207905,37.500906,127.061068
대치더클래스,서울,강남구,대치동,서울 강남구 대치동,2022,42,매매,220000.0,240000.0,13.0,,,,,,,104.27,108.67,2220.5008561043,37.497342,127.060855
대치효성,서울,강남구,대치동,서울 강남구 대치동,1999,83,"매매,월세",189000.0,195000.0,10.0,,,,220.0,260.0,3.0,78.99,78.99,2222.2476197901,37.50007,127.061219
삼성롯데,서울,강남구,청담동,서울 강남구 청담동,2000,339,"매매,전세,월세",190000.0,300000.0,9.0,74500.0,117000.0,17.0,1.0,60.0,5.0,79.36,122.6,2223.5892537063,37.518,127.048784
한신오페라하우스,서울,강남구,청담동,서울 강남구 청담동,2003,63,"매매,전세",275000.0,320000.0,8.0,129000.0,145000.0,20.0,,,,135.77,160.24,2225.1692368431,37.519236,127.045691
지웰홈스서초(주상복합),서울,강남구,세곡동,서울 강남구 세곡동,2019,154,월세,,,,,,,86.0,142.0,13.0,22.65,33.63,2230.4703546546,37.491985,127.013372
도산포도더블랙(도시형),서울,강남구,압구정동,서울 강남구 압구정동,2024,26,"매매,전세",217000.0,225000.0,5.0,110000.0,310000.0,19.0,,,,66.49,66.57,2231.0884135547,37.52059,127.032443
도산포도더블랙(주상복합),서울,강남구,압구정동,서울 강남구 압구정동,2024,1,전세,,,,130000.0,310000.0,4.0,,,,142.91,142.91,2231.1844156793,37.520585,127.032393
청학,서울,강남구,압구정동,서울 강남구 압구정동,1976,70,"매매,전세,월세",154000.0,155000.0,5.0,50000.0,67000.0,6.0,30.0,50.0,5.0,99.65,99.65,2232.5317841442,37.520645,127.032822
미켈란147(주상복합),서울,강남구,삼성동,서울 강남구 삼성동,2004,67,"매매,전세,월세",180000.0,200000.0,2.0,95000.0,95000.0,2.0,430.0,500.0,23.0,101.97,102.85,2238.9809669962,37.513228,127.055948
서초롯데캐슬리버티,서울,강남구,세곡동,서울 강남구 세곡동,2005,132,"매매,전세,월세",200000.0,260000.0,13.0,95000.0,130000.0,18.0,155.0,200.0,8.0,106.8,151.21,2255.4297482942,37.48748,127.01673
잠원현대훼밀리,서울,서초구,반포동,서울 서초구 반포동,1997,113,매매,250000.0,310000.0,7.0,,,,,,,73.43,104.2,2256.5986469233,37.509064,127.012838
TS프리우스,서울,강남구,세곡동,서울 강남구 세곡동,2004,18,매매,150000.0,170000.0,5.0,,,,,,,120.58,146.5,2270.6885303656,37.487889,127.01608
새서울,서울,서초구,잠원동,서울 서초구 잠원동,1975,20,"매매,월세",190000.0,240000.0,7.0,,,,260.0,260.0,3.0,159.71,159.71,2273.8823299924,37.515161,127.017882
초원현대,서울,강남구,세곡동,서울 강남구 세곡동,1998,48,매매,134000.0,137000.0,7.0,,,,,,,87.93,87.93,2278.4741292611,37.485078,127.019384
엠브이,서울,강남구,세곡동,서울 강남구 세곡동,1994,154,"매매,전세,월세",159500.0,250000.0,28.0,80000.0,80000.0,1.0,220.0,220.0,6.0,74.52,162.23,2291.9072250804,37.49914,127.010255
청담스위트(도시형),서울,강남구,청담동,서울 강남구 청담동,2015,124,"매매,전세,월세",19500.0,23500.0,4.0,19500.0,20000.0,2.0,8.0,90.0,3.0,20.74,20.74,2292.8240389187,37.519286,127.047421
하우스에딘브로우,서울,강남구,청담동,서울 강남구 청담동,2004,16,전세,,,,200000.0,200000.0,8.0,,,,183.11,183.11,2295.0112200761,37.520385,127.044048
반포훼밀리(49-6),서울,강남구,세곡동,서울 강남구 세곡동,1993,14,매매,160000.0,160000.0,1.0,,,,,,,135.75,135.75,2300.0713159426,37.499877,127.010109
세영팔레스,서울,강남구,대치동,서울 강남구 대치동,2002,67,"매매,전세",230000.0,250000.0,16.0,72000.0,72000.0,5.0,,,,103.37,103.37,2302.634943543,37.50085,127.06214
현대썬앤빌(도시형),서울,강남구,압구정동,서울 강남구 압구정동,2015,47,월세,,,,,,,85.0,85.0,1.0,27.74,27.74,2304.6512460142,37.52112,127.031368
서초리젠,서울,강남구,세곡동,서울 강남구 세곡동,2008,18,매매,230000.0,250000.0,3.0,,,,,,,170.16,170.16,2327.469447232,37.48427,127.019745
청담삼성1차,서울,강남구,청담동,서울 강남구 청담동,1997,158,"매매,전세,월세",240000.0,260000.0,11.0,89000.0,100000.0,20.0,80.0,80.0,2.0,108.15,108.15,2328.2200488625,37.519514,127.047747
대성아트빌,서울,강남구,신사동,서울 강남구 신사동,2002,19,매매,87000.0,120000.0,7.0,,,,,,,81.1,93.31,2339.4350666715,37.519583,127.024342
청담그랑빌(주상복합),서울,강남구,청담동,서울 강남구 청담동,2004,19,"전세,월세",,,,70000.0,70000.0,1.0,160.0,160.0,1.0,88.87,88.87,2339.716231098,37.519083,127.049053
서초노빌리에,서울,강남구,세곡동,서울 강남구 세곡동,2006,19,매매,125000.0,130000.0,7.0,,,,,,,94.48,102.61,2341.1430587087,37.489912,127.01335
골든아트빌(주상복합),서울,강남구,청담동,서울 강남구 청담동,2000,19,매매,210000.0,235000.0,3.0,,,,,,,173.52,173.52,2343.1031449428,37.519941,127.047006
서초아크빌,서울,강남구,세곡동,서울 강남구 세곡동,2003,31,"매매,전세,월세",310000.0,310000.0,29.0,180000.0,210000.0,9.0,250.0,1200.0,14.0,256.73,259.82,2347.7940263554,37.490628,127.012753
현대2차,서울,강남구,청담동,서울 강남구 청담동,1988,214,"매매,전세,월세",220000.0,253000.0,16.0,69500.0,85000.0,6.0,150.0,320.0,36.0,97.75,97.9,2355.3900340143,37.521593,127.040774
신사파크빌,서울,강남구,신사동,서울 강남구 신사동,2004,28,월세,,,,,,,100.0,100.0,3.0,146.45,146.45,2355.4915305009,37.520494,127.026489
청담e-편한세상2차(204동),서울,강남구,청담동,서울 강남구 청담동,2005,41,"매매,전세,월세",240000.0,270000.0,77.0,130000.0,130000.0,1.0,420.0,420.0,1.0,118.64,128.68,2356.568318824,37.5207,127.04505
메이플자이,서울,서초구,반포동,서울 서초구 반포동,2025,3307,"매매,전세,월세",350000.0,1200000.0,407.0,87000.0,550000.0,3755.0,1.0,1800.0,3159.0,72.14,207.46,2365.9490641408,37.51158,127.013089
청담아르지움(도시형),서울,강남구,청담동,서울 강남구 청담동,2015,29,"매매,월세",43000.0,125000.0,4.0,,,,184.0,210.0,2.0,28.69,67.93,2373.1548682531,37.519788,127.048196
청담클래스(도시형),서울,강남구,청담동,서울 강남구 청담동,2019,16,전세,,,,45000.0,47000.0,3.0,,,,35.74,35.74,2374.7825504978,37.521095,127.044223
한승미메이드,서울,강남구,세곡동,서울 강남구 세곡동,2004,18,"매매,월세",140000.0,175000.0,8.0,,,,120.0,120.0,9.0,96.18,117.96,2378.4877650923,37.483658,127.019793
한신타운,서울,서초구,반포동,서울 서초구 반포동,1989,110,"매매,전세,월세",270000.0,280000.0,2.0,65000.0,72000.0,10.0,120.0,150.0,3.0,98.02,98.02,2387.7243992224,37.509484,127.011449
청담e-편한세상2차(205동),서울,강남구,청담동,서울 강남구 청담동,2006,41,"매매,전세",265000.0,265000.0,2.0,115000.0,125000.0,4.0,,,,144.98,144.98,2406.4456513213,37.520844,127.046169
청담e-편한세상4차,서울,강남구,청담동,서울 강남구 청담동,2011,94,"매매,전세,월세",249000.0,360000.0,51.0,114000.0,180000.0,14.0,80.0,500.0,7.0,107.21,160.85,2409.9249583154,37.520634,127.046907
더샵서초(주상복합),서울,강남구,세곡동,서울 강남구 세곡동,2006,329,"매매,전세,월세",57000.0,450000.0,34.0,42500.0,49500.0,10.0,60.0,560.0,24.0,43.93,286.95,2419.4257352598,37.484115,127.018345
화이트빌,서울,강남구,신사동,서울 강남구 신사동,2003,12,전세,,,,80000.0,80000.0,1.0,,,,97.32,97.32,2423.2459960464,37.521804,127.029074
DK밸리뷰서초2차(도시형),서울,강남구,세곡동,서울 강남구 세곡동,2022,105,"매매,전세,월세",53000.0,65000.0,12.0,41475.0,41475.0,2.0,125.0,200.0,29.0,32.15,35.06,2425.588487439,37.487901,127.013867
신반포20차,서울,서초구,반포동,서울 서초구 반포동,1983,112,"매매,전세,월세",500000.0,500000.0,2.0,115000.0,120000.0,3.0,200.0,360.0,4.0,155.6,155.6,2427.699509534,37.51042,127.011503
청림쉐르빌,서울,강남구,신사동,서울 강남구 신사동,2004,11,매매,100000.0,100000.0,2.0,,,,,,,93.49,93.49,2428.6694209775,37.520647,127.024805
강남상가아파트(주상복합),서울,강남구,신사동,서울 강남구 신사동,1974,94,"매매,전세",80000.0,180000.0,10.0,70000.0,70000.0,1.0,,,,63.31,145.59,2433.866041822,37.51879,127.02054
청담e-편한세상2차,서울,강남구,청담동,서울 강남구 청담동,2006,142,"매매,전세,월세",250000.0,270000.0,19.0,95000.0,110000.0,22.0,75.0,410.0,12.0,124.11,138.19,2441.364863439,37.521414,127.045392
동아,서울,서초구,반포동,서울 서초구 반포동,2002,991,"매매,전세,월세",300000.0,375000.0,54.0,75000.0,110000.0,147.0,1.0,420.0,81.0,81.33,109.07,2445.6348525804,37.509144,127.010552
청담e-편한세상1차,서울,강남구,청담동,서울 강남구 청담동,2002,271,"매매,전세,월세",234000.0,300000.0,26.0,90000.0,100000.0,8.0,210.0,250.0,12.0,101.41,140.52,2446.9163204685,37.520659,127.047856
하이캐슬,서울,강남구,대치동,서울 강남구 대치동,2005,67,"매매,전세,월세",210000.0,270000.0,7.0,130000.0,140000.0,6.0,80.0,120.0,3.0,104.16,162.99,2454.271169136,37.500568,127.063855
토미,서울,강남구,신사동,서울 강남구 신사동,2004,13,"매매,전세",120000.0,170000.0,4.0,65000.0,65000.0,3.0,,,,99.95,102.68,2454.5755298061,37.522252,127.029871
래미안서초유니빌(주상복합),서울,강남구,세곡동,서울 강남구 세곡동,2003,440,"매매,전세,월세",40000.0,98500.0,59.0,37000.0,65000.0,10.0,40.0,180.0,9.0,46.34,90.38,2467.0922587463,37.484562,127.016915
서초레몬(주상복합),서울,강남구,세곡동,서울 강남구 세곡동,2005,24,"매매,월세",33000.0,85000.0,6.0,,,,80.0,80.0,2.0,38.26,69.24,2468.5904025785,37.48579,127.015386
JC라디앙,서울,강남구,세곡동,서울 강남구 세곡동,2005,14,매매,105000.0,145000.0,5.0,,,,,,,75.02,98.97,2486.3525976216,37.490093,127.011335
금호베스트빌,서울,서초구,반포동,서울 서초구 반포동,2002,117,"매매,전세",340000.0,500000.0,7.0,100000.0,160000.0,21.0,,,,101.34,166.07,2486.8226062135,37.514715,127.014155
서초쌍용플래티넘(주상복합),서울,강남구,세곡동,서울 강남구 세곡동,2006,109,매매,72000.0,135000.0,36.0,,,,,,,72.73,94.82,2488.2591173356,37.484114,127.017169
대치르엘,서울,강남구,대치동,서울 강남구 대치동,2021,273,"매매,전세,월세",350000.0,430000.0,55.0,130000.0,178000.0,58.0,60.0,520.0,107.0,112.08,112.84,2496.437677053,37.501638,127.064308
서초우방유쉘,서울,강남구,세곡동,서울 강남구 세곡동,2006,49,전세,,,,115000.0,115000.0,1.0,,,,141.52,141.52,2515.4695889572,37.489803,127.011158
스타시드(도시형),서울,강남구,세곡동,서울 강남구 세곡동,2021,8,"전세,월세",,,,80000.0,80000.0,1.0,270.0,270.0,1.0,62.45,62.45,2518.6566210574,37.489255,127.011506
삼환,서울,강남구,청담동,서울 강남구 청담동,1999,184,"매매,전세,월세",150000.0,265000.0,3.0,41000.0,119000.0,14.0,220.0,260.0,15.0,73.64,148.99,2525.0188449329,37.5215,127.04767
우성,서울,강남구,청담동,서울 강남구 청담동,2005,25,매매,135000.0,185000.0,31.0,,,,,,,97.01,131.09,2526.8965627738,37.521804,127.046824
잠원브라운스톤,서울,서초구,반포동,서울 서초구 반포동,2003,83,매매,325000.0,328000.0,8.0,,,,,,,103.19,103.19,2527.5170587367,37.508167,127.009095
월드메르디앙(1549-3),서울,강남구,세곡동,서울 강남구 세곡동,2002,44,"매매,전세",290000.0,430000.0,9.0,140000.0,140000.0,4.0,,,,180.88,225.43,2532.3747683737,37.490303,127.010609
스위트서초(도시형),서울,강남구,세곡동,서울 강남구 세곡동,2018,20,"매매,전세,월세",30500.0,40000.0,7.0,28000.0,33000.0,7.0,70.0,135.0,3.0,28.48,33.39,2544.6630680529,37.485469,127.014592
우성3차,서울,강남구,개포동,서울 강남구 개포동,1984,405,"매매,전세,월세",318000.0,420000.0,47.0,74500.0,125000.0,58.0,80.0,280.0,50.0,110.6,182.45,2556.6965677356,37.483998,127.056011
개포더샵트리에,서울,강남구,개포동,서울 강남구 개포동,2021,232,"매매,전세,월세",299000.0,400000.0,47.0,144000.0,170000.0,55.0,100.0,200.0,12.0,132.23,135.57,2562.6319778474,37.484895,127.057225
디아레나서초(주상복합),서울,강남구,세곡동,서울 강남구 세곡동,2020,90,"매매,전세",24000.0,58000.0,9.0,35000.0,35000.0,1.0,,,,19.99,34.2,2568.4331460081,37.485755,127.013925
데뜨아르,서울,서초구,반포동,서울 서초구 반포동,2008,22,전세,,,,128000.0,130000.0,6.0,,,,111.55,112.3,2572.278663368,37.508452,127.008684
서초이오빌(주상복합),서울,강남구,세곡동,서울 강남구 세곡동,2003,462,"매매,전세,월세",30000.0,77000.0,38.0,25000.0,53000.0,15.0,120.0,230.0,6.0,48.96,78.09,2574.1015468064,37.486602,127.012987
압구정하이츠파크,서울,강남구,압구정동,서울 강남구 압구정동,2004,86,매매,650000.0,1300000.0,11.0,,,,,,,234.38,338.23,2577.2388737763,37.523842,127.033697
하얏트빌,서울,강남구,신사동,서울 강남구 신사동,2005,15,매매,94000.0,100000.0,6.0,,,,,,,73.74,80.52,2583.4943056574,37.521824,127.023825
블루힐65(도시형),서울,강남구,세곡동,서울 강남구 세곡동,2013,10,"매매,월세",42000.0,42000.0,1.0,,,,120.0,120.0,3.0,35.7,35.7,2588.8057155596,37.491732,127.009075
진흥아마란스,서울,강남구,압구정동,서울 강남구 압구정동,2005,17,매매,290000.0,290000.0,2.0,,,,,,,197.77,197.77,2591.7554875884,37.523703,127.031052
리갈팰리스,서울,강남구,압구정동,서울 강남구 압구정동,2007,15,매매,270000.0,350000.0,2.0,,,,,,,190.67,275.45,2596.8849038417,37.523691,127.030645
래미안신사,서울,서초구,잠원동,서울 서초구 잠원동,2008,63,"매매,전세,월세",230000.0,300000.0,19.0,90000.0,140000.0,18.0,200.0,400.0,23.0,113.06,113.06,2599.4503660247,37.520214,127.019841
신사씨티빌,서울,강남구,신사동,서울 강남구 신사동,2002,17,매매,80000.0,80000.0,1.0,,,,,,,71.3,71.3,2638.4198253256,37.521059,127.020693
서초센트럴아이파크(주거복합),서울,강남구,세곡동,서울 강남구 세곡동,2020,318,"매매,전세,월세",173000.0,250000.0,117.0,105000.0,125000.0,51.0,80.0,380.0,40.0,104.92,107.07,2642.8471092597,37.487007,127.01165
신사아이빌,서울,서초구,잠원동,서울 서초구 잠원동,2006,19,"매매,월세",130000.0,167000.0,5.0,,,,250.0,400.0,10.0,94.27,100.28,2643.3990120274,37.520765,127.019992
롯데캐슬갤럭시2차,서울,서초구,잠원동,서울 서초구 잠원동,2004,428,"매매,전세,월세",390000.0,450000.0,31.0,129000.0,180000.0,26.0,100.0,520.0,21.0,128.98,153.85,2645.3631386833,37.518663,127.016434
루덴하우스,서울,강남구,신사동,서울 강남구 신사동,2007,19,매매,120000.0,120000.0,5.0,,,,,,,102.44,102.99,2645.793304862,37.521553,127.021599
청담범신칼릭스빌3차,서울,강남구,청담동,서울 강남구 청담동,2011,12,"매매,월세",120000.0,120000.0,5.0,,,,300.0,350.0,2.0,55.81,55.81,2656.4269486208,37.522229,127.049228
현대슈퍼빌(주상복합),서울,강남구,세곡동,서울 강남구 세곡동,2003,645,"매매,전세,월세",269000.0,600000.0,68.0,150000.0,220000.0,14.0,80.0,660.0,31.0,204.96,337.19,2658.4909930979,37.482825,127.016089
현대ESA2(주상복합),서울,강남구,세곡동,서울 강남구 세곡동,2003,174,"매매,전세",185000.0,210000.0,17.0,130000.0,130000.0,5.0,,,,156.01,156.01,2661.8729411785,37.491084,127.008524
현대실크빌라트,서울,서초구,반포동,서울 서초구 반포동,1999,19,매매,480000.0,480000.0,1.0,,,,,,,286.81,286.81,2664.1353987862,37.512472,127.009841
신반포자이,서울,서초구,반포동,서울 서초구 반포동,2018,607,"매매,전세,월세",379000.0,600000.0,67.0,114500.0,165000.0,97.0,80.0,600.0,166.0,85.34,150.53,2664.3801051818,37.510166,127.008408
유로미,서울,강남구,신사동,서울 강남구 신사동,2004,38,"매매,전세,월세",205000.0,250000.0,4.0,75000.0,240000.0,5.0,220.0,220.0,1.0,98.0,130.25,2688.4540288549,37.522491,127.02282
경남아너스빌(1456-2),서울,강남구,세곡동,서울 강남구 세곡동,2006,86,"전세,월세",,,,100000.0,100000.0,7.0,300.0,300.0,1.0,105.79,105.79,2689.7980250677,37.48383,127.014263
동궁빌리지,서울,강남구,청담동,서울 강남구 청담동,1993,16,"전세,월세",,,,165000.0,165000.0,1.0,650.0,650.0,7.0,147.77,147.77,2694.8931976435,37.524325,127.043138
서초지웰,서울,강남구,세곡동,서울 강남구 세곡동,2005,60,"매매,전세",180000.0,180000.0,6.0,100000.0,100000.0,6.0,,,,112.46,112.46,2696.2685412802,37.484202,127.01372
서초아트갤러리(도시형),서울,강남구,세곡동,서울 강남구 세곡동,2018,20,"매매,전세",39000.0,39000.0,1.0,22990.0,22990.0,1.0,,,,35.18,35.18,2703.1306355738,37.485088,127.012639
청담휴먼스타빌,서울,강남구,청담동,서울 강남구 청담동,2005,191,"매매,전세,월세",81000.0,110000.0,23.0,42000.0,250000.0,2.0,170.0,1500.0,26.0,48.42,53.87,2708.6230870231,37.523772,127.046086
신사아크존2,서울,강남구,압구정동,서울 강남구 압구정동,2005,14,매매,250000.0,320000.0,7.0,,,,,,,105.52,146.53,2715.3013325186,37.524782,127.030687
청담디에브스,서울,강남구,청담동,서울 강남구 청담동,2017,18,"매매,전세,월세",100000.0,155000.0,9.0,50000.0,75000.0,6.0,450.0,450.0,1.0,106.03,152.31,2716.706307731,37.522862,127.049146
서초아트래디앙,서울,강남구,세곡동,서울 강남구 세곡동,2023,24,"매매,전세,월세",145000.0,260000.0,35.0,100000.0,180000.0,23.0,490.0,680.0,11.0,60.74,96.44,2718.6277452279,37.486794,127.010792
경남아너스빌(1455-9),서울,강남구,세곡동,서울 강남구 세곡동,2005,55,"매매,전세,월세",230000.0,240000.0,14.0,170000.0,170000.0,2.0,200.0,400.0,15.0,159.91,160.21,2722.4699525283,37.483381,127.014299
신반포19차,서울,서초구,반포동,서울 서초구 반포동,1982,242,"매매,전세,월세",400000.0,420000.0,13.0,55000.0,85000.0,65.0,20.0,320.0,6.0,119.01,120.96,2739.6846963696,37.514225,127.010179
신반포7차,서울,서초구,반포동,서울 서초구 반포동,1980,320,"매매,전세,월세",440000.0,550000.0,29.0,60000.0,110000.0,18.0,200.0,240.0,3.0,116.4,153.62,2742.9359483261,37.512173,127.008623
서초아트자이(주상복합),서울,강남구,세곡동,서울 강남구 세곡동,2009,164,"매매,전세,월세",280000.0,350000.0,8.0,140000.0,175000.0,7.0,250.0,250.0,1.0,181.1,207.48,2749.3241242529,37.485687,127.011371
DK밸리뷰시티,서울,강남구,세곡동,서울 강남구 세곡동,2019,81,"매매,전세,월세",30000.0,50000.0,24.0,25000.0,35700.0,3.0,120.0,120.0,3.0,21.17,35.44,2753.5354245527,37.485093,127.011896
현대맨션,서울,강남구,압구정동,서울 강남구 압구정동,1980,126,"매매,전세,월세",500000.0,750000.0,6.0,130000.0,200000.0,14.0,240.0,450.0,8.0,147.01,213.88,2761.8904151856,37.525034,127.029564
뉴현대,서울,강남구,신사동,서울 강남구 신사동,2004,10,매매,157000.0,160000.0,30.0,,,,,,,129.27,129.27,2761.9869637012,37.523553,127.023734
우찬,서울,강남구,신사동,서울 강남구 신사동,2004,19,매매,43000.0,43000.0,2.0,,,,,,,25.04,25.04,2774.2228502795,37.523707,127.023834
한신로얄,서울,서초구,반포동,서울 서초구 반포동,1992,208,"매매,전세,월세",265000.0,310000.0,9.0,70000.0,85000.0,23.0,90.0,300.0,13.0,90.37,90.43,2775.8739053439,37.513356,127.009021
롯데캐슬갤럭시1차,서울,서초구,잠원동,서울 서초구 잠원동,2002,256,"매매,전세,월세",370000.0,480000.0,32.0,140000.0,180000.0,13.0,250.0,600.0,6.0,140.41,171.98,2786.8230979897,37.520366,127.016502
신반포4차,서울,서초구,반포동,서울 서초구 반포동,1979,1212,"매매,전세,월세",490000.0,810000.0,216.0,60000.0,108000.0,191.0,80.0,280.0,53.0,103.57,168.64,2793.6467531475,37.508354,127.006001
서초한신,서울,강남구,세곡동,서울 강남구 세곡동,2001,194,"매매,전세,월세",200000.0,245000.0,15.0,100000.0,110000.0,11.0,80.0,170.0,10.0,113.63,147.27,2821.7366017875,37.482482,127.013844
신반포25차,서울,서초구,반포동,서울 서초구 반포동,1984,169,"매매,전세,월세",419000.0,420000.0,2.0,65000.0,110000.0,10.0,160.0,340.0,8.0,113.97,113.97,2839.9519290217,37.514861,127.009347
서초자이르네,서울,강남구,세곡동,서울 강남구 세곡동,2022,67,매매,195000.0,195000.0,5.0,,,,,,,109.12,109.12,2841.0528841976,37.482557,127.013437
압구정KCC,서울,강남구,압구정동,서울 강남구 압구정동,2004,27,매매,280000.0,280000.0,1.0,,,,,,,127.36,127.36,2842.4792744993,37.526148,127.03248
서초한빛삼성,서울,강남구,세곡동,서울 강남구 세곡동,1999,264,"매매,전세,월세",149500.0,225000.0,8.0,105000.0,125000.0,9.0,180.0,320.0,3.0,84.96,140.87,2845.5314616297,37.488406,127.007863
서초e-편한세상2차,서울,강남구,세곡동,서울 강남구 세곡동,2005,159,"매매,전세,월세",250000.0,270000.0,2.0,124500.0,135000.0,17.0,260.0,260.0,9.0,146.23,146.92,2846.6886032849,37.486839,127.009015
킴스빌리지,서울,서초구,반포동,서울 서초구 반포동,1996,160,"매매,전세,월세",85000.0,125000.0,5.0,35000.0,50000.0,4.0,40.0,40.0,1.0,34.79,50.25,2850.1137466393,37.510812,127.00647
화원그랑빌,서울,강남구,세곡동,서울 강남구 세곡동,2002,37,매매,108000.0,120000.0,6.0,,,,,,,93.12,111.4,2853.6603878944,37.487501,127.008407
잠원한신그린,서울,서초구,반포동,서울 서초구 반포동,1993,150,"매매,전세,월세",340000.0,340000.0,5.0,80000.0,94000.0,11.0,160.0,160.0,1.0,96.5,96.5,2854.6224984669,37.513292,127.007948
금광아크존(주상복합),서울,강남구,압구정동,서울 강남구 압구정동,2004,39,"매매,월세",76000.0,140000.0,5.0,,,,200.0,220.0,2.0,67.75,86.38,2872.5037138831,37.526553,127.034579
신성,서울,강남구,압구정동,서울 강남구 압구정동,1996,55,"매매,전세,월세",170000.0,240000.0,3.0,70000.0,100000.0,5.0,160.0,160.0,1.0,77.96,106.65,2874.1730272364,37.526377,127.031877
신반포청구,서울,서초구,반포동,서울 서초구 반포동,1998,347,"매매,전세,월세",330000.0,370000.0,22.0,70000.0,105000.0,30.0,40.0,340.0,34.0,109.64,109.65,2878.6725233769,37.514334,127.008403
반포한신타워,서울,서초구,반포동,서울 서초구 반포동,1996,250,"매매,전세,월세",277000.0,410000.0,14.0,60000.0,120000.0,25.0,120.0,160.0,5.0,84.91,159.44,2890.7774654952,37.51098,127.00606
서초오로라,서울,강남구,세곡동,서울 강남구 세곡동,2004,18,매매,155000.0,155000.0,2.0,,,,,,,137.11,137.11,2900.0854852663,37.48669,127.008418
잠원씨제이빌리지,서울,서초구,반포동,서울 서초구 반포동,2005,17,"매매,전세",480000.0,480000.0,1.0,150000.0,170000.0,2.0,,,,133.98,133.98,2900.9457506454,37.514885,127.008542
월드메르디앙오페라하우스,서울,강남구,세곡동,서울 강남구 세곡동,2004,47,"매매,전세,월세",220000.0,260000.0,16.0,140000.0,140000.0,4.0,180.0,180.0,4.0,173.8,221.69,2901.8496413757,37.48141,127.01395
마제스타시티힐스테이트서리풀(주거복합),서울,강남구,세곡동,서울 강남구 세곡동,2017,116,매매,205000.0,210000.0,10.0,,,,,,,88.02,88.47,2906.0836950456,37.490268,127.005958
서초프레스턴-2,서울,강남구,세곡동,서울 강남구 세곡동,2006,12,매매,270000.0,270000.0,5.0,,,,,,,205.08,205.08,2908.7228528054,37.488426,127.007038
디에이치퍼스티어아이파크,서울,강남구,개포동,서울 강남구 개포동,2023,6702,"매매,전세,월세",150000.0,1200000.0,132.0,65000.0,600000.0,594.0,50.0,1000.0,642.0,50.73,230.47,2920.343480206,37.480393,127.057099
메이플라워,서울,서초구,반포동,서울 서초구 반포동,2003,15,매매,290000.0,290000.0,1.0,,,,,,,95.29,95.29,2924.545272319,37.514048,127.007581
서초중흥S-클래스(도시형),서울,강남구,세곡동,서울 강남구 세곡동,2013,91,"매매,월세",18000.0,25000.0,15.0,,,,85.0,85.0,2.0,29.31,41.06,2924.7374170448,37.481541,127.013393
블루힐하우스,서울,서초구,반포동,서울 서초구 반포동,1999,125,"매매,전세,월세",300000.0,320000.0,3.0,73000.0,105000.0,21.0,120.0,220.0,18.0,80.07,113.1,2926.6307963954,37.511737,127.006039
잠원중앙하이츠(A동),서울,서초구,반포동,서울 서초구 반포동,1996,18,"전세,월세",,,,200000.0,200000.0,2.0,400.0,400.0,1.0,276.99,276.99,2928.0857307084,37.510234,127.005222
서초엔-스위트1차,서울,강남구,세곡동,서울 강남구 세곡동,2004,36,"매매,전세",163000.0,165000.0,15.0,100000.0,100000.0,10.0,,,,135.54,135.68,2930.1000053204,37.487224,127.007608
한성,서울,강남구,세곡동,서울 강남구 세곡동,2003,19,매매,140000.0,140000.0,1.0,,,,,,,118.7,118.7,2939.5901884372,37.486784,127.007817
한강,서울,서초구,잠원동,서울 서초구 잠원동,1989,450,"매매,전세,월세",330000.0,430000.0,14.0,79000.0,100000.0,25.0,100.0,320.0,15.0,103.75,103.75,2954.4936080748,37.521491,127.015231
잠원중앙하이츠(B동),서울,서초구,반포동,서울 서초구 반포동,1998,126,"매매,전세,월세",220000.0,220000.0,1.0,62000.0,68000.0,16.0,300.0,300.0,5.0,83.33,83.33,2955.5720839449,37.51006,127.004806
서초한신리빙타워(주상복합),서울,강남구,세곡동,서울 강남구 세곡동,1999,103,"매매,전세,월세",65000.0,230000.0,17.0,80000.0,80000.0,6.0,40.0,40.0,1.0,56.21,166.85,2958.8853407702,37.484063,127.009956
신반포중앙하이츠,서울,서초구,반포동,서울 서초구 반포동,2021,29,"매매,전세,월세",200000.0,270000.0,4.0,60000.0,165000.0,3.0,50.0,50.0,1.0,94.98,107.21,2959.3336326714,37.511531,127.005516
오페라하우스,서울,서초구,반포동,서울 서초구 반포동,1997,19,"매매,전세,월세",600000.0,600000.0,16.0,160000.0,160000.0,2.0,160.0,160.0,1.0,256.09,256.09,2960.4320150827,37.512231,127.005908
잠원상지리츠빌카일룸,서울,서초구,잠원동,서울 서초구 잠원동,2009,14,매매,600000.0,670000.0,3.0,,,,,,,204.64,204.64,2963.1365792887,37.522093,127.016049
에버그린(주상복합),서울,강남구,개포동,서울 강남구 개포동,2003,9,전세,,,,48000.0,48000.0,1.0,,,,74.08,74.08,2973.8724988118,37.482932,127.061271
개포자이르네,서울,강남구,개포동,서울 강남구 개포동,2022,28,"매매,전세",118000.0,165000.0,23.0,100000.0,100000.0,1.0,,,,71.89,85.87,2974.850086613,37.478654,127.055232
아크로리버뷰신반포,서울,서초구,반포동,서울 서초구 반포동,2018,595,"매매,전세,월세",499000.0,630000.0,54.0,139000.0,210000.0,90.0,120.0,800.0,125.0,109.57,117.92,2978.5768299289,37.514868,127.007489
미성2차,서울,서초구,잠원동,서울 서초구 잠원동,1987,911,"매매,전세,월세",449500.0,850000.0,207.0,79500.0,175000.0,40.0,250.0,400.0,10.0,95.27,163.56,2980.0554219859,37.523985,127.019316
서초블레스,서울,강남구,세곡동,서울 강남구 세곡동,2017,16,매매,125000.0,125000.0,1.0,,,,,,,83.87,83.87,2982.2297680244,37.484353,127.009336
서초래미안5차,서울,강남구,세곡동,서울 강남구 세곡동,2005,54,전세,,,,130000.0,157000.0,3.0,,,,169.4,169.4,2983.4264589067,37.485839,127.007988
잠원시티,서울,서초구,반포동,서울 서초구 반포동,2017,29,"매매,전세,월세",55000.0,55000.0,2.0,30000.0,30000.0,1.0,100.0,100.0,1.0,29.55,31.09,2986.9060764844,37.511783,127.005316
지오빌,서울,서초구,잠원동,서울 서초구 잠원동,2001,14,"매매,전세",550000.0,600000.0,16.0,500000.0,500000.0,1.0,,,,262.58,270.04,2990.9366112467,37.522189,127.015686
띠에라하우스,서울,서초구,잠원동,서울 서초구 잠원동,2003,15,"전세,월세",,,,350000.0,450000.0,19.0,2000.0,2000.0,4.0,304.48,304.48,3002.3826873725,37.522653,127.016257
빌폴라리스,서울,서초구,잠원동,서울 서초구 잠원동,2003,15,"매매,월세",750000.0,750000.0,1.0,,,,300.0,300.0,5.0,293.06,293.06,3003.5820143309,37.522424,127.015841
서초SK뷰,서울,강남구,세곡동,서울 강남구 세곡동,2006,47,전세,,,,140000.0,140000.0,3.0,,,,165.38,165.38,3004.8439199985,37.486213,127.007395
갤러리하우스,서울,강남구,세곡동,서울 강남구 세곡동,2001,15,매매,265000.0,265000.0,1.0,,,,,,,250.8,250.8,3011.5782109694,37.486919,127.006764
서초현대홈타운,서울,강남구,세곡동,서울 강남구 세곡동,2005,68,"매매,전세,월세",200000.0,240000.0,16.0,124000.0,131000.0,7.0,140.0,240.0,6.0,155.73,155.73,3031.438129801,37.488628,127.00535
서초래미안6차,서울,강남구,세곡동,서울 강남구 세곡동,2006,57,"매매,전세",220000.0,220000.0,13.0,110000.0,110000.0,1.0,,,,162.95,162.95,3034.8857636121,37.485789,127.007333
반포르엘,서울,서초구,반포동,서울 서초구 반포동,2022,596,"매매,전세,월세",490000.0,700000.0,79.0,130000.0,230000.0,84.0,80.0,560.0,88.0,110.28,156.21,3039.4588944138,37.507594,127.002832
벽산서초블루밍,서울,강남구,세곡동,서울 강남구 세곡동,2008,19,"매매,월세",280000.0,280000.0,2.0,,,,330.0,500.0,11.0,354.17,354.17,3043.823415586,37.481231,127.011859
로얄파크,서울,강남구,세곡동,서울 강남구 세곡동,2005,13,매매,170000.0,170000.0,1.0,,,,,,,151.2,151.2,3048.2344598736,37.484204,127.008541
서초엔-스위트2차,서울,강남구,세곡동,서울 강남구 세곡동,2004,18,"매매,월세",153000.0,153000.0,1.0,,,,,,0.0,122.79,122.79,3053.045064775,37.48653,127.006509
렉스힐(주상복합),서울,강남구,개포동,서울 강남구 개포동,2011,8,매매,105000.0,105000.0,2.0,,,,,,,55.19,55.19,3054.0357981802,37.483005,127.062547
서초동아,서울,강남구,세곡동,서울 강남구 세곡동,2006,12,매매,120000.0,125000.0,9.0,,,,,,,118.82,146.1,3070.5622110775,37.483915,127.008499
반포루이캐슬,서울,강남구,세곡동,서울 강남구 세곡동,2006,18,"매매,전세,월세",270000.0,270000.0,1.0,180000.0,180000.0,3.0,800.0,800.0,1.0,182.01,182.01,3100.1980681182,37.498045,127.001199
서초래미안4차,서울,강남구,세곡동,서울 강남구 세곡동,2005,56,"매매,전세,월세",230000.0,350000.0,11.0,120000.0,125000.0,8.0,240.0,260.0,9.0,144.94,194.24,3106.4965587375,37.481062,127.01107
"더샵오데움(101,102동)",서울,강남구,세곡동,서울 강남구 세곡동,2005,95,"매매,전세,월세",390000.0,500000.0,34.0,290000.0,320000.0,16.0,280.0,500.0,7.0,232.07,270.34,3112.157858247,37.482615,127.009206
반포서래월드메르디앙라스칼라,서울,강남구,세곡동,서울 강남구 세곡동,2005,36,매매,180000.0,250000.0,8.0,,,,,,,140.31,152.49,3112.9712791879,37.497317,127.001153
한신서래,서울,강남구,세곡동,서울 강남구 세곡동,1987,414,"매매,전세,월세",350000.0,350000.0,1.0,50000.0,150000.0,12.0,70.0,550.0,17.0,161.31,161.31,3120.0398870394,37.49929,127.00086
반포르엘2차,서울,서초구,반포동,서울 서초구 반포동,2022,280,"매매,월세",580000.0,580000.0,1.0,,,,280.0,800.0,8.0,132.36,132.36,3120.6335934816,37.50884,127.002318
반포센트럴자이,서울,서초구,반포동,서울 서초구 반포동,2020,757,"매매,전세,월세",400000.0,940000.0,165.0,130000.0,250000.0,263.0,40.0,780.0,104.0,82.17,155.11,3135.2612028471,37.507257,127.00161
효성(551-42),서울,강남구,세곡동,서울 강남구 세곡동,2005,10,매매,250000.0,250000.0,21.0,,,,,,,167.99,167.99,3139.3705666713,37.496501,127.000991
금정노블,서울,강남구,세곡동,서울 강남구 세곡동,2002,15,"매매,전세,월세",111000.0,150000.0,19.0,80000.0,80000.0,2.0,450.0,450.0,1.0,73.09,109.52,3142.4529050808,37.495828,127.001093
새티스(1472-21),서울,강남구,세곡동,서울 강남구 세곡동,2002,19,매매,95000.0,105000.0,6.0,,,,,,,88.35,98.73,3152.6476744907,37.481378,127.009969
더샵오데움(103동),서울,강남구,세곡동,서울 강남구 세곡동,2005,34,매매,320000.0,350000.0,2.0,,,,,,,200.44,200.44,3160.263623401,37.481921,127.009238
서초코아,서울,강남구,세곡동,서울 강남구 세곡동,2003,15,매매,105000.0,120000.0,16.0,,,,,,,79.87,109.88,3161.1451515201,37.480315,127.011136
반포신구노빌리티,서울,강남구,세곡동,서울 강남구 세곡동,2003,16,"매매,월세",450000.0,450000.0,7.0,,,,1200.0,1200.0,2.0,266.11,266.11,3161.1482808907,37.494486,127.001213
옥스포드빌2차,서울,강남구,세곡동,서울 강남구 세곡동,2004,7,매매,135000.0,135000.0,2.0,,,,,,,104.13,104.13,3163.8978330974,37.485327,127.005971
비버리캐슬,서울,강남구,세곡동,서울 강남구 세곡동,2020,42,매매,120000.0,140000.0,9.0,,,,,,,81.03,81.03,3174.8319802734,37.482915,127.007982
월드빌라트,서울,강남구,세곡동,서울 강남구 세곡동,1996,19,매매,400000.0,600000.0,2.0,,,,,,,281.09,453.68,3177.3172741986,37.485665,127.005525
서래더하임(도시형),서울,강남구,세곡동,서울 강남구 세곡동,2021,19,"매매,전세",65000.0,74000.0,4.0,50000.0,50000.0,1.0,,,,31.45,36.14,3180.4101394824,37.497172,127.000407
서초두산위브2,서울,강남구,세곡동,서울 강남구 세곡동,2005,47,"매매,월세",195000.0,250000.0,4.0,,,,400.0,400.0,6.0,136.12,155.61,3183.7476440199,37.487071,127.004421
더샵오데움(104동),서울,강남구,세곡동,서울 강남구 세곡동,2006,10,"매매,전세",250000.0,250000.0,1.0,120000.0,120000.0,1.0,,,,147.76,147.76,3185.2857363292,37.481597,127.00922
다솔,서울,강남구,세곡동,서울 강남구 세곡동,2004,12,매매,110000.0,110000.0,1.0,,,,,,,93.73,93.73,3191.3138902887,37.481194,127.009587
덕동반포빌라트,서울,강남구,세곡동,서울 강남구 세곡동,2005,24,매매,145000.0,210000.0,13.0,,,,,,,134.3,171.51,3193.4659471507,37.496641,127.000347
반포TS프리우스,서울,강남구,세곡동,서울 강남구 세곡동,2005,12,월세,,,,,,,300.0,500.0,11.0,155.0,155.0,3194.1702729118,37.498351,127.000098
라인,서울,강남구,세곡동,서울 강남구 세곡동,1995,85,매매,180000.0,200000.0,4.0,,,,,,,83.04,106.04,3194.4154580688,37.498891,127.000046
반포샤인힐,서울,강남구,세곡동,서울 강남구 세곡동,2003,13,매매,200000.0,245000.0,14.0,,,,,,,203.13,203.13,3202.4838859137,37.494779,127.000655
삼광,서울,강남구,세곡동,서울 강남구 세곡동,2003,8,월세,,,,,,,300.0,300.0,3.0,99.78,99.78,3209.0957635119,37.493625,127.000913
삼정,서울,강남구,세곡동,서울 강남구 세곡동,2002,9,매매,127000.0,127000.0,1.0,,,,,,,107.76,107.76,3210.4710586882,37.493506,127.000935
반포피카소빌,서울,강남구,세곡동,서울 강남구 세곡동,2004,19,매매,220000.0,250000.0,3.0,,,,,,,170.24,190.4,3213.6664147352,37.496334,127.000173
잠원위브,서울,서초구,반포동,서울 서초구 반포동,2003,49,매매,140000.0,220000.0,6.0,,,,,,,64.71,89.67,3214.3683319745,37.506879,127.000584
서초대림빌라트,서울,강남구,세곡동,서울 강남구 세곡동,2004,18,매매,260000.0,280000.0,10.0,,,,,,,223.32,223.32,3214.9599929558,37.485205,127.005384
리더스빌,서울,강남구,세곡동,서울 강남구 세곡동,2004,19,"전세,월세",,,,320000.0,320000.0,1.0,1100.0,1100.0,2.0,271.19,271.19,3225.9718281704,37.495656,127.000172
서초네스피아,서울,강남구,세곡동,서울 강남구 세곡동,2005,24,전세,,,,70000.0,70000.0,1.0,,,,108.95,108.95,3226.8781955528,37.480681,127.009639
도무스,서울,강남구,세곡동,서울 강남구 세곡동,2007,12,전세,,,,220000.0,220000.0,2.0,,,,261.76,261.76,3227.9907868971,37.48712,127.003821
신반포2차,서울,서초구,반포동,서울 서초구 반포동,1978,1572,"매매,전세,월세",380000.0,850000.0,182.0,42000.0,100000.0,159.0,10.0,260.0,45.0,74.18,164.72,3234.0374658457,37.509407,127.001195
아이파크빌,서울,강남구,세곡동,서울 강남구 세곡동,2001,66,"매매,전세",219000.0,350000.0,14.0,175000.0,175000.0,16.0,,,,218.34,272.0,3260.3134597732,37.4814,127.008307
더아크리움,서울,강남구,세곡동,서울 강남구 세곡동,2020,16,매매,64500.0,64500.0,1.0,,,,,,,41.22,41.22,3260.5848384563,37.486393,127.003897
서초상지리츠빌10차,서울,강남구,세곡동,서울 강남구 세곡동,2005,19,매매,300000.0,325000.0,19.0,,,,,,,203.93,203.93,3273.2547033601,37.485135,127.004661
우성6차,서울,강남구,개포동,서울 강남구 개포동,1987,270,"매매,월세",239500.0,297000.0,15.0,,,,140.0,180.0,8.0,73.72,86.52,3273.938266341,37.476276,127.056859
현대서초빌라트(1497-18),서울,강남구,세곡동,서울 강남구 세곡동,1997,11,매매,300000.0,300000.0,1.0,,,,,,,289.31,289.31,3291.6891922471,37.486315,127.003549
래미안블레스티지,서울,강남구,개포동,서울 강남구 개포동,2019,1957,"매매,전세,월세",230000.0,550000.0,426.0,89000.0,280000.0,308.0,80.0,800.0,626.0,67.77,169.78,3304.2791033063,37.481058,127.064178
트라움하우스5차,서울,강남구,세곡동,서울 강남구 세곡동,2003,18,매매,650000.0,700000.0,4.0,,,,,,,322.53,344.39,3308.2504639212,37.486484,127.003219
루컴즈힐서리풀,서울,강남구,세곡동,서울 강남구 세곡동,2020,28,"매매,전세",150000.0,170000.0,12.0,85000.0,105000.0,10.0,,,,105.41,110.66,3341.5842620414,37.485958,127.003153
트라움하우스3차,서울,강남구,세곡동,서울 강남구 세곡동,2002,19,"전세,월세",,,,450000.0,450000.0,2.0,2500.0,2530.0,3.0,377.81,377.81,3358.6250463823,37.486192,127.00277
서초e-편한세상1차,서울,강남구,세곡동,서울 강남구 세곡동,2004,154,"매매,전세",239000.0,280000.0,27.0,150000.0,150000.0,1.0,,,,158.86,158.86,3367.910874592,37.481181,127.006941
서초로얄스위트,서울,강남구,세곡동,서울 강남구 세곡동,2005,17,전세,,,,145000.0,150000.0,6.0,,,,167.41,167.41,3373.8543541132,37.484775,127.003603
더미켈란,서울,강남구,세곡동,서울 강남구 세곡동,2005,67,"매매,전세",380000.0,1000000.0,27.0,300000.0,300000.0,1.0,,,,265.99,327.8,3376.0050556585,37.485115,127.003316
서초래미안3차,서울,강남구,세곡동,서울 강남구 세곡동,2005,31,매매,260000.0,260000.0,1.0,,,,,,,212.96,212.96,3392.9592681151,37.480606,127.007186
서초트레져,서울,강남구,세곡동,서울 강남구 세곡동,2005,14,매매,229000.0,350000.0,11.0,,,,,,,236.78,236.78,3411.656286604,37.484296,127.003474
래미안원베일리,서울,서초구,반포동,서울 서초구 반포동,2023,2990,"매매,전세,월세",390000.0,1850000.0,725.0,130000.0,1000000.0,903.0,80.0,2800.0,566.0,80.38,226.17,3420.1608577196,37.5068,126.998185
에비앙하우스(도시형),서울,강남구,세곡동,서울 강남구 세곡동,2017,16,매매,40000.0,45000.0,4.0,,,,,,,32.05,32.05,3436.7419670144,37.481213,127.005899
서초연우,서울,강남구,세곡동,서울 강남구 세곡동,2015,19,매매,110000.0,110000.0,3.0,,,,,,,102.22,102.22,3440.7263010246,37.481449,127.005604
서초상지리츠빌3차,서울,강남구,세곡동,서울 강남구 세곡동,2004,18,"매매,월세",360000.0,360000.0,2.0,,,,320.0,320.0,1.0,207.62,207.62,3443.9162224562,37.484105,127.003194
서초e-편한세상5차,서울,서초구,방배동,서울 서초구 방배동,2005,161,"매매,전세,월세",260000.0,280000.0,12.0,140000.0,150000.0,4.0,160.0,160.0,1.0,190.3,190.3,3457.4368216724,37.479732,127.007187
서초상지리츠빌8차,서울,강남구,세곡동,서울 강남구 세곡동,2006,18,"매매,전세",250000.0,250000.0,1.0,148000.0,148000.0,1.0,,,,165.2,165.2,3458.3294024386,37.483718,127.003312
현대서초빌라트(1495-1),서울,강남구,세곡동,서울 강남구 세곡동,1994,19,"매매,전세",230000.0,230000.0,1.0,135000.0,135000.0,4.0,,,,195.69,195.69,3467.8442652835,37.48558,127.001783
서초e-편한세상3차,서울,서초구,방배동,서울 서초구 방배동,2005,77,"매매,월세",240000.0,240000.0,4.0,,,,500.0,500.0,1.0,189.85,189.85,3498.2072044316,37.478763,127.007697
서초대우(엘로즈카운티),서울,서초구,방배동,서울 서초구 방배동,2000,73,"매매,전세",230000.0,230000.0,1.0,130000.0,145000.0,4.0,,,,227.7,227.7,3520.1222353671,37.47962,127.00636
서초상지리츠빌5차,서울,강남구,세곡동,서울 강남구 세곡동,2004,12,매매,310000.0,360000.0,4.0,,,,,,,191.3,231.86,3523.3148563047,37.483317,127.002763
서리풀월드메르디앙레브,서울,강남구,세곡동,서울 강남구 세곡동,2017,40,"매매,전세,월세",114000.0,140000.0,39.0,80000.0,80000.0,4.0,80.0,80.0,3.0,65.96,66.05,3524.5630922689,37.482897,127.003097
삼환나띠르빌,서울,강남구,세곡동,서울 강남구 세곡동,2003,126,"매매,전세,월세",149000.0,210000.0,23.0,80000.0,115000.0,16.0,40.0,300.0,25.0,114.51,189.26,3542.5354169385,37.4804,127.005188
서초상지리츠빌7차,서울,강남구,세곡동,서울 강남구 세곡동,2005,14,"매매,전세,월세",395000.0,420000.0,3.0,250000.0,250000.0,4.0,250.0,1500.0,4.0,237.3,237.44,3551.2237468249,37.483341,127.002367
서초상지리츠빌4차,서울,강남구,세곡동,서울 강남구 세곡동,2004,17,"매매,전세",250000.0,260000.0,9.0,180000.0,180000.0,10.0,,,,152.37,180.73,3553.9014839464,37.482994,127.002616
서초금호어울림,서울,서초구,방배동,서울 서초구 방배동,2001,84,"매매,전세",205000.0,210000.0,2.0,105000.0,105000.0,4.0,,,,156.91,156.91,3565.2338139501,37.478612,127.006829
더프레임서초(도시형),서울,서초구,방배동,서울 서초구 방배동,2023,86,"매매,전세,월세",134500.0,166800.0,6.0,70000.0,80000.0,8.0,80.0,400.0,13.0,65.91,67.02,3569.0292200777,37.478282,127.007167
서초상지리츠빌1차,서울,강남구,세곡동,서울 강남구 세곡동,2002,19,매매,228000.0,230000.0,11.0,,,,,,,161.9,180.63,3586.4827893129,37.482863,127.002283
서초ESA3차,서울,서초구,방배동,서울 서초구 방배동,2002,86,"매매,전세,월세",126000.0,140000.0,15.0,75000.0,75000.0,2.0,25.0,25.0,1.0,78.99,78.99,3598.9291944616,37.47893,127.00594
방배동양파라곤,서울,강남구,세곡동,서울 강남구 세곡동,2004,31,"매매,월세",240000.0,350000.0,15.0,,,,350.0,520.0,13.0,216.31,244.28,3699.5546346803,37.480596,127.002732
월드빌라트(999),서울,서초구,방배동,서울 서초구 방배동,1994,19,매매,260000.0,260000.0,1.0,,,,,,,277.59,277.59,3728.0888209117,37.478462,127.004506
방배한화,서울,서초구,방배동,서울 서초구 방배동,2001,89,매매,200000.0,225000.0,15.0,,,,,,,111.5,163.67,3737.7097152925,37.484816,126.998831
방배래미안아트힐,서울,서초구,방배동,서울 서초구 방배동,2004,588,"매매,전세,월세",270000.0,330000.0,41.0,130000.0,150000.0,11.0,150.0,300.0,4.0,136.81,201.28,3746.1996811595,37.477688,127.005111
방배아트자이,서울,강남구,세곡동,서울 강남구 세곡동,2018,353,"매매,전세,월세",289000.0,450000.0,14.0,100000.0,140000.0,23.0,200.0,380.0,7.0,108.8,159.29,3762.5096037163,37.480069,127.002341
방배서리풀e-편한세상,서울,서초구,방배동,서울 서초구 방배동,2010,496,"매매,전세,월세",300000.0,450000.0,22.0,89500.0,180000.0,24.0,280.0,280.0,2.0,110.78,210.7,3794.1930791441,37.484312,126.998447
방배어울림,서울,서초구,방배동,서울 서초구 방배동,2008,64,전세,,,,139500.0,140000.0,19.0,,,,149.95,149.95,3817.7481206176,37.478089,127.003568
롯데,서울,강남구,세곡동,서울 강남구 세곡동,1998,30,매매,290000.0,290000.0,1.0,,,,,,,224.79,224.79,3901.9031334442,37.480465,127.00002
신원아침도시,서울,강남구,세곡동,서울 강남구 세곡동,2004,19,전세,,,,105000.0,105000.0,1.0,,,,162.39,162.39,3905.2024862027,37.48008,127.000319
아이리스,서울,서초구,방배동,서울 서초구 방배동,2003,16,매매,75000.0,75000.0,1.0,,,,,,,63.55,63.55,3950.6144057243,37.47956,127.00016
파세지아타,서울,서초구,방배동,서울 서초구 방배동,2023,27,"매매,전세",280000.0,280000.0,1.0,180000.0,180000.0,4.0,,,,178.39,178.39,3977.8608948413,37.478909,127.000389
방배블레스밸리,서울,서초구,방배동,서울 서초구 방배동,2003,57,매매,195000.0,250000.0,8.0,,,,,,,151.23,249.41,3979.0619026565,37.478203,127.001068
"임광1,2차",서울,서초구,방배동,서울 서초구 방배동,1985,418,"매매,전세,월세",250000.0,280000.0,5.0,89000.0,90000.0,12.0,360.0,360.0,3.0,116.28,160.67,3980.6313499618,37.476908,127.002419
임광3차,서울,서초구,방배동,서울 서초구 방배동,1988,316,"전세,월세",,,,40000.0,65000.0,9.0,90.0,100.0,7.0,58.25,107.1,4009.1150223673,37.476288,127.002687
방배현대멤피스Ⅱ,서울,서초구,방배동,서울 서초구 방배동,2002,90,"매매,전세",260000.0,260000.0,1.0,150000.0,150000.0,1.0,,,,188.22,188.22,4071.8500928971,37.480168,126.997943
엘루크방배서리풀(도시형),서울,서초구,방배동,서울 서초구 방배동,2024,60,"매매,전세",96000.0,145000.0,8.0,62000.0,90000.0,50.0,,,,40.45,60.17,4080.9522602329,37.482886,126.995731
현대힐스(주상복합),서울,서초구,방배동,서울 서초구 방배동,1994,18,매매,190000.0,190000.0,1.0,,,,,,,181.52,181.52,4085.3531334783,37.476189,127.001637
방배아크로타워(주상복합),서울,서초구,방배동,서울 서초구 방배동,2007,116,매매,87000.0,100000.0,17.0,,,,,,,71.87,76.85,4109.4309633722,37.483208,126.995144
방배신동아럭스빌,서울,서초구,방배동,서울 서초구 방배동,2003,55,"매매,전세,월세",270000.0,280000.0,5.0,150000.0,150000.0,3.0,300.0,400.0,3.0,200.3,215.6,4173.7094728628,37.475491,127.001081
태림,서울,서초구,방배동,서울 서초구 방배동,2004,14,매매,135000.0,135000.0,1.0,,,,,,,108.14,108.14,4174.2728569031,37.48141,126.99558
삼호한숲,서울,서초구,방배동,서울 서초구 방배동,1998,116,"매매,전세",135000.0,165000.0,6.0,70000.0,70000.0,1.0,,,,80.16,107.19,4178.737965928,37.477643,126.998746
공작빌라트,서울,서초구,방배동,서울 서초구 방배동,1995,19,매매,164900.0,175000.0,6.0,,,,,,,160.98,160.98,4214.9735419796,37.477397,126.998467
서초라임스(도시형),서울,서초구,방배동,서울 서초구 방배동,2019,10,매매,85000.0,85000.0,1.0,,,,,,,61.05,61.05,4226.121070167,37.475114,127.00071
방배그랑자이,서울,서초구,방배동,서울 서초구 방배동,2021,758,"매매,전세,월세",304000.0,500000.0,74.0,132000.0,220000.0,44.0,120.0,600.0,46.0,110.8,170.8,4254.402621908,37.475575,126.999769
브라운스톤효령,서울,서초구,방배동,서울 서초구 방배동,2005,35,"매매,전세",230000.0,235000.0,4.0,150000.0,150000.0,1.0,,,,148.87,174.9,4268.0238550523,37.479904,126.995505
